season,event_code,league,zone_name,stage_bucket,group_name,match_id,match_type,order_number,plan_game_count,plan_started_at,match_date,result,red_team_id,red_team_name,red_college_name,red_side_score,red_side_win_game_count,blue_team_id,blue_team_name,blue_college_name,blue_side_score,blue_side_win_game_count,winner_team_id,winner_team_name,winner_college_name,winner_side
2024,2024RMUC,RMUC,东部赛区,group,A,18976,GROUP,1,3,2024-05-15T01:30:00Z,2024-05-15,RED,114,TRoMaC,太原理工大学,1,2,144,Horizon,华北理工大学,0,0,114,TRoMaC,太原理工大学,red
2024,2024RMUC,RMUC,东部赛区,group,A,18978,GROUP,3,3,2024-05-15T02:30:00Z,2024-05-15,RED,195,Hello World,浙江大学,1,2,141,SuperPower,同济大学,0,0,195,Hello World,浙江大学,red
2024,2024RMUC,RMUC,东部赛区,group,A,18979,GROUP,4,3,2024-05-15T03:00:00Z,2024-05-15,RED,755,Adam,齐鲁工业大学,1,2,746,SPR,中国石油大学（北京）,0,0,755,Adam,齐鲁工业大学,red
2024,2024RMUC,RMUC,东部赛区,group,A,18980,GROUP,5,3,2024-05-15T03:30:00Z,2024-05-15,RED,782,木鸢Birdiebot,上海工程技术大学,1,2,688,征龙凌沧,东北大学秦皇岛分校,0,0,782,木鸢Birdiebot,上海工程技术大学,red
2024,2024RMUC,RMUC,东部赛区,group,A,18992,GROUP,17,3,2024-05-15T12:00:00Z,2024-05-15,BLUE,739,齐奇,山东理工大学,0,1,165,北洋机甲,天津大学,1,2,165,北洋机甲,天津大学,blue
2024,2024RMUC,RMUC,东部赛区,group,A,18993,GROUP,18,3,2024-05-15T12:30:00Z,2024-05-15,RED,195,Hello World,浙江大学,1,2,782,木鸢Birdiebot,上海工程技术大学,0,1,195,Hello World,浙江大学,red
2024,2024RMUC,RMUC,东部赛区,group,A,18994,GROUP,19,3,2024-05-15T13:00:00Z,2024-05-15,BLUE,672,PIE,首都师范大学,0,0,114,TRoMaC,太原理工大学,1,2,114,TRoMaC,太原理工大学,blue
2024,2024RMUC,RMUC,东部赛区,group,A,18995,GROUP,20,3,2024-05-16T00:30:00Z,2024-05-16,BLUE,755,Adam,齐鲁工业大学,0,1,183,Born of Fire,南京航空航天大学金城学院,1,2,183,Born of Fire,南京航空航天大学金城学院,blue
2024,2024RMUC,RMUC,东部赛区,group,A,18998,GROUP,23,3,2024-05-16T02:00:00Z,2024-05-16,BLUE,688,征龙凌沧,东北大学秦皇岛分校,0,0,141,SuperPower,同济大学,1,2,141,SuperPower,同济大学,blue
2024,2024RMUC,RMUC,东部赛区,group,A,19008,GROUP,33,3,2024-05-16T08:30:00Z,2024-05-16,BLUE,183,Born of Fire,南京航空航天大学金城学院,0,0,195,Hello World,浙江大学,1,2,195,Hello World,浙江大学,blue
2024,2024RMUC,RMUC,东部赛区,group,A,19009,GROUP,34,3,2024-05-16T09:30:00Z,2024-05-16,RED,114,TRoMaC,太原理工大学,1,2,165,北洋机甲,天津大学,0,0,114,TRoMaC,太原理工大学,red
2024,2024RMUC,RMUC,东部赛区,group,A,19010,GROUP,35,3,2024-05-16T10:00:00Z,2024-05-16,BLUE,739,齐奇,山东理工大学,0,1,672,PIE,首都师范大学,1,2,672,PIE,首都师范大学,blue
2024,2024RMUC,RMUC,东部赛区,group,A,19012,GROUP,37,3,2024-05-16T12:00:00Z,2024-05-16,BLUE,141,SuperPower,同济大学,0,1,755,Adam,齐鲁工业大学,1,2,755,Adam,齐鲁工业大学,blue
2024,2024RMUC,RMUC,东部赛区,group,B,18985,GROUP,10,3,2024-05-15T07:30:00Z,2024-05-15,BLUE,116,WMJ,西北工业大学,0,0,666,TARS_Go,吉林大学,1,2,666,TARS_Go,吉林大学,blue
2024,2024RMUC,RMUC,东部赛区,group,B,18987,GROUP,12,3,2024-05-15T08:30:00Z,2024-05-15,RED,245,3SE,东南大学,1,2,2780,起源,华东理工大学,0,0,245,3SE,东南大学,red
2024,2024RMUC,RMUC,东部赛区,group,B,18988,GROUP,13,3,2024-05-15T09:00:00Z,2024-05-15,RED,738,HERO,哈尔滨工业大学（威海）,1,2,682,RoboWalker,中国科学技术大学,0,0,738,HERO,哈尔滨工业大学（威海）,red
2024,2024RMUC,RMUC,东部赛区,group,B,18990,GROUP,15,3,2024-05-15T10:00:00Z,2024-05-15,RED,28,CUBOT,中国矿业大学,1,2,679,606,中北大学,0,0,28,CUBOT,中国矿业大学,red
2024,2024RMUC,RMUC,东部赛区,group,B,18991,GROUP,16,3,2024-05-15T10:30:00Z,2024-05-15,BLUE,676,Climber,常州大学,0,1,786,PHOENIX,杭州电子科技大学,1,2,786,PHOENIX,杭州电子科技大学,blue
2024,2024RMUC,RMUC,东部赛区,group,B,19001,GROUP,26,3,2024-05-16T03:30:00Z,2024-05-16,RED,453,DynamicX,广东工业大学,1,2,28,CUBOT,中国矿业大学,0,1,453,DynamicX,广东工业大学,red
2024,2024RMUC,RMUC,东部赛区,group,B,19002,GROUP,27,3,2024-05-16T05:30:00Z,2024-05-16,BLUE,786,PHOENIX,杭州电子科技大学,0,0,666,TARS_Go,吉林大学,1,2,666,TARS_Go,吉林大学,blue
2024,2024RMUC,RMUC,东部赛区,group,B,19003,GROUP,28,3,2024-05-16T06:00:00Z,2024-05-16,RED,148,交龙,上海交通大学,1,2,245,3SE,东南大学,0,1,148,交龙,上海交通大学,red
2024,2024RMUC,RMUC,东部赛区,group,B,19005,GROUP,30,3,2024-05-16T07:00:00Z,2024-05-16,BLUE,50,Ambition,沈阳理工大学,0,0,682,RoboWalker,中国科学技术大学,1,2,682,RoboWalker,中国科学技术大学,blue
2024,2024RMUC,RMUC,东部赛区,group,B,19007,GROUP,32,3,2024-05-16T08:00:00Z,2024-05-16,RED,116,WMJ,西北工业大学,1,2,676,Climber,常州大学,0,0,116,WMJ,西北工业大学,red
2024,2024RMUC,RMUC,东部赛区,group,B,19014,GROUP,39,3,2024-05-16T13:00:00Z,2024-05-16,BLUE,666,TARS_Go,吉林大学,0,0,738,HERO,哈尔滨工业大学（威海）,1,2,738,HERO,哈尔滨工业大学（威海）,blue
2024,2024RMUC,RMUC,东部赛区,group,B,19015,GROUP,40,3,2024-05-16T13:30:00Z,2024-05-16,RED,453,DynamicX,广东工业大学,1,2,148,交龙,上海交通大学,0,1,453,DynamicX,广东工业大学,red
2024,2024RMUC,RMUC,东部赛区,group,B,19016,GROUP,41,3,2024-05-17T00:30:00Z,2024-05-17,BLUE,28,CUBOT,中国矿业大学,0,0,245,3SE,东南大学,1,2,245,3SE,东南大学,blue
2024,2024RMUC,RMUC,东部赛区,group,B,19017,GROUP,42,3,2024-05-17T01:00:00Z,2024-05-17,BLUE,116,WMJ,西北工业大学,0,1,786,PHOENIX,杭州电子科技大学,1,2,786,PHOENIX,杭州电子科技大学,blue
2024,2024RMUC,RMUC,东部赛区,group,B,19019,GROUP,44,3,2024-05-17T02:00:00Z,2024-05-17,RED,2780,起源,华东理工大学,1,2,679,606,中北大学,0,0,2780,起源,华东理工大学,red
2024,2024RMUC,RMUC,东部赛区,knockout,,19418,KNOCKOUT,46,3,2024-05-17T03:00:00Z,2024-05-17,BLUE,755,Adam,齐鲁工业大学,0,0,453,DynamicX,广东工业大学,0,2,453,DynamicX,广东工业大学,blue
2024,2024RMUC,RMUC,东部赛区,knockout,,19419,KNOCKOUT,47,3,2024-05-17T05:20:00Z,2024-05-17,BLUE,183,Born of Fire,南京航空航天大学金城学院,0,0,148,交龙,上海交通大学,0,2,148,交龙,上海交通大学,blue
2024,2024RMUC,RMUC,东部赛区,knockout,,19420,KNOCKOUT,48,3,2024-05-17T05:50:00Z,2024-05-17,BLUE,682,RoboWalker,中国科学技术大学,0,1,672,PIE,首都师范大学,0,2,672,PIE,首都师范大学,blue
2024,2024RMUC,RMUC,东部赛区,knockout,,19421,KNOCKOUT,49,3,2024-05-17T06:20:00Z,2024-05-17,RED,114,TRoMaC,太原理工大学,0,2,786,PHOENIX,杭州电子科技大学,0,1,114,TRoMaC,太原理工大学,red
2024,2024RMUC,RMUC,东部赛区,knockout,,19422,KNOCKOUT,50,3,2024-05-17T06:50:00Z,2024-05-17,RED,666,TARS_Go,吉林大学,0,2,782,木鸢Birdiebot,上海工程技术大学,0,1,666,TARS_Go,吉林大学,red
2024,2024RMUC,RMUC,东部赛区,knockout,,19423,KNOCKOUT,51,3,2024-05-17T07:20:00Z,2024-05-17,BLUE,2780,起源,华东理工大学,0,0,195,Hello World,浙江大学,0,2,195,Hello World,浙江大学,blue
2024,2024RMUC,RMUC,东部赛区,knockout,,19424,KNOCKOUT,52,3,2024-05-17T07:50:00Z,2024-05-17,BLUE,165,北洋机甲,天津大学,0,0,245,3SE,东南大学,0,2,245,3SE,东南大学,blue
2024,2024RMUC,RMUC,东部赛区,knockout,,19425,KNOCKOUT,53,3,2024-05-17T08:30:00Z,2024-05-17,RED,148,交龙,上海交通大学,0,2,738,HERO,哈尔滨工业大学（威海）,0,0,148,交龙,上海交通大学,red
2024,2024RMUC,RMUC,东部赛区,knockout,,19426,KNOCKOUT,54,3,2024-05-17T09:00:00Z,2024-05-17,RED,453,DynamicX,广东工业大学,0,2,672,PIE,首都师范大学,0,0,453,DynamicX,广东工业大学,red
2024,2024RMUC,RMUC,东部赛区,knockout,,19428,KNOCKOUT,56,3,2024-05-17T10:00:00Z,2024-05-17,RED,682,RoboWalker,中国科学技术大学,0,2,755,Adam,齐鲁工业大学,0,0,682,RoboWalker,中国科学技术大学,red
2024,2024RMUC,RMUC,东部赛区,knockout,,19429,KNOCKOUT,57,3,2024-05-17T11:30:00Z,2024-05-17,BLUE,666,TARS_Go,吉林大学,0,0,114,TRoMaC,太原理工大学,0,2,114,TRoMaC,太原理工大学,blue
2024,2024RMUC,RMUC,东部赛区,knockout,,19430,KNOCKOUT,58,3,2024-05-17T12:00:00Z,2024-05-17,RED,195,Hello World,浙江大学,0,2,245,3SE,东南大学,0,0,195,Hello World,浙江大学,red
2024,2024RMUC,RMUC,东部赛区,knockout,,19431,KNOCKOUT,59,3,2024-05-17T12:30:00Z,2024-05-17,BLUE,786,PHOENIX,杭州电子科技大学,0,0,782,木鸢Birdiebot,上海工程技术大学,0,2,782,木鸢Birdiebot,上海工程技术大学,blue
2024,2024RMUC,RMUC,东部赛区,knockout,,19432,KNOCKOUT,60,3,2024-05-17T13:00:00Z,2024-05-17,RED,165,北洋机甲,天津大学,0,2,2780,起源,华东理工大学,0,0,165,北洋机甲,天津大学,red
2024,2024RMUC,RMUC,东部赛区,knockout,,19434,KNOCKOUT,62,3,2024-05-18T01:00:00Z,2024-05-18,RED,755,Adam,齐鲁工业大学,0,2,2780,起源,华东理工大学,0,1,755,Adam,齐鲁工业大学,red
2024,2024RMUC,RMUC,东部赛区,knockout,,19435,KNOCKOUT,63,3,2024-05-18T01:30:00Z,2024-05-18,RED,148,交龙,上海交通大学,0,2,114,TRoMaC,太原理工大学,0,0,148,交龙,上海交通大学,red
2024,2024RMUC,RMUC,东部赛区,knockout,,19436,KNOCKOUT,64,3,2024-05-18T02:00:00Z,2024-05-18,RED,453,DynamicX,广东工业大学,0,2,195,Hello World,浙江大学,0,0,453,DynamicX,广东工业大学,red
2024,2024RMUC,RMUC,东部赛区,knockout,,19438,KNOCKOUT,66,5,2024-05-18T05:30:00Z,2024-05-18,BLUE,114,TRoMaC,太原理工大学,0,1,195,Hello World,浙江大学,0,3,195,Hello World,浙江大学,blue
2024,2024RMUC,RMUC,东部赛区,knockout,,19439,KNOCKOUT,67,5,2024-05-18T06:30:00Z,2024-05-18,RED,148,交龙,上海交通大学,0,3,453,DynamicX,广东工业大学,0,1,148,交龙,上海交通大学,red
2024,2024RMUC,RMUC,中部赛区,group,A,19164,GROUP,2,3,2024-05-22T01:40:00Z,2024-05-22,RED,53,狼牙,华中科技大学,1,2,737,未来,青岛大学,0,0,53,狼牙,华中科技大学,red
2024,2024RMUC,RMUC,中部赛区,group,A,19165,GROUP,3,3,2024-05-22T02:10:00Z,2024-05-22,RED,95,Passion,南昌大学,1,2,160,Actor&Thinker,河北科技大学,0,0,95,Passion,南昌大学,red
2024,2024RMUC,RMUC,中部赛区,group,A,19166,GROUP,4,3,2024-05-22T02:40:00Z,2024-05-22,RED,703,苍穹,合肥工业大学,1,2,29,火线,太原工业学院,0,0,703,苍穹,合肥工业大学,red
2024,2024RMUC,RMUC,中部赛区,group,A,19167,GROUP,5,3,2024-05-22T03:10:00Z,2024-05-22,BLUE,8,创梦之翼,哈尔滨工程大学,0,0,132,追梦,北京理工大学,1,2,132,追梦,北京理工大学,blue
2024,2024RMUC,RMUC,中部赛区,group,A,19179,GROUP,17,3,2024-05-22T12:15:00Z,2024-05-22,BLUE,57,SmartRobot,山东科技大学,0,0,159,ARTINX,南方科技大学,1,2,159,ARTINX,南方科技大学,blue
2024,2024RMUC,RMUC,中部赛区,group,A,19181,GROUP,19,3,2024-05-22T13:15:00Z,2024-05-22,RED,95,Passion,南昌大学,1,2,703,苍穹,合肥工业大学,0,0,95,Passion,南昌大学,red
2024,2024RMUC,RMUC,中部赛区,group,A,19182,GROUP,20,3,2024-05-23T00:30:00Z,2024-05-23,RED,2188,GIRT,桂林信息科技学院,1,2,53,狼牙,华中科技大学,0,0,2188,GIRT,桂林信息科技学院,red
2024,2024RMUC,RMUC,中部赛区,group,A,19184,GROUP,22,3,2024-05-23T01:30:00Z,2024-05-23,RED,29,火线,太原工业学院,1,2,160,Actor&Thinker,河北科技大学,0,0,29,火线,太原工业学院,red
2024,2024RMUC,RMUC,中部赛区,group,A,19185,GROUP,23,3,2024-05-23T02:00:00Z,2024-05-23,RED,8,创梦之翼,哈尔滨工程大学,1,2,700,VGD,长安大学,0,0,8,创梦之翼,哈尔滨工程大学,red
2024,2024RMUC,RMUC,中部赛区,group,A,19195,GROUP,33,3,2024-05-23T08:30:00Z,2024-05-23,RED,159,ARTINX,南方科技大学,1,2,132,追梦,北京理工大学,0,0,159,ARTINX,南方科技大学,red
2024,2024RMUC,RMUC,中部赛区,group,A,19196,GROUP,34,3,2024-05-23T09:00:00Z,2024-05-23,RED,95,Passion,南昌大学,1,2,2188,GIRT,桂林信息科技学院,0,1,95,Passion,南昌大学,red
2024,2024RMUC,RMUC,中部赛区,group,A,19197,GROUP,35,3,2024-05-23T09:30:00Z,2024-05-23,RED,53,狼牙,华中科技大学,1,2,703,苍穹,合肥工业大学,0,1,53,狼牙,华中科技大学,red
2024,2024RMUC,RMUC,中部赛区,group,A,19200,GROUP,38,3,2024-05-23T12:50:00Z,2024-05-23,BLUE,737,未来,青岛大学,0,0,29,火线,太原工业学院,1,2,29,火线,太原工业学院,blue
2024,2024RMUC,RMUC,中部赛区,group,B,19171,GROUP,9,3,2024-05-22T06:30:00Z,2024-05-22,RED,65,I Hiter,哈尔滨工业大学,1,2,76,RPS,中国石油大学（华东）,0,1,65,I Hiter,哈尔滨工业大学,red
2024,2024RMUC,RMUC,中部赛区,group,B,19172,GROUP,10,3,2024-05-22T07:00:00Z,2024-05-22,BLUE,2774,苍侠,福建理工大学,0,0,47,ACE,东莞理工学院,1,2,47,ACE,东莞理工学院,blue
2024,2024RMUC,RMUC,中部赛区,group,B,19173,GROUP,11,3,2024-05-22T07:30:00Z,2024-05-22,RED,179,华南虎,华南理工大学,1,2,1578,火锅,四川大学,0,0,179,华南虎,华南理工大学,red
2024,2024RMUC,RMUC,中部赛区,group,B,19175,GROUP,13,3,2024-05-22T08:50:00Z,2024-05-22,BLUE,240,Nautilus,武汉工程大学,0,0,71,IRobot,西安电子科技大学,1,2,71,IRobot,西安电子科技大学,blue
2024,2024RMUC,RMUC,中部赛区,group,B,19177,GROUP,15,3,2024-05-22T09:50:00Z,2024-05-22,RED,4,Alliance,南京理工大学,1,2,60,雷霆,内蒙古科技大学,0,0,4,Alliance,南京理工大学,red
2024,2024RMUC,RMUC,中部赛区,group,B,19178,GROUP,16,3,2024-05-22T10:20:00Z,2024-05-22,RED,92,NewMaker,太原科技大学,1,2,841,Ultra,成都大学,0,0,92,NewMaker,太原科技大学,red
2024,2024RMUC,RMUC,中部赛区,group,B,19187,GROUP,25,3,2024-05-23T03:00:00Z,2024-05-23,RED,4,Alliance,南京理工大学,1,2,145,TCR,厦门大学嘉庚学院,0,0,4,Alliance,南京理工大学,red
2024,2024RMUC,RMUC,中部赛区,group,B,19188,GROUP,26,3,2024-05-23T03:30:00Z,2024-05-23,RED,71,IRobot,西安电子科技大学,1,2,92,NewMaker,太原科技大学,0,1,71,IRobot,西安电子科技大学,red
2024,2024RMUC,RMUC,中部赛区,group,B,19189,GROUP,27,3,2024-05-23T05:30:00Z,2024-05-23,BLUE,65,I Hiter,哈尔滨工业大学,0,1,179,华南虎,华南理工大学,1,2,179,华南虎,华南理工大学,blue
2024,2024RMUC,RMUC,中部赛区,group,B,19190,GROUP,28,3,2024-05-23T06:00:00Z,2024-05-23,BLUE,47,ACE,东莞理工学院,0,0,164,风暴,华北科技学院,1,2,164,风暴,华北科技学院,blue
2024,2024RMUC,RMUC,中部赛区,group,B,19191,GROUP,29,3,2024-05-23T06:30:00Z,2024-05-23,BLUE,841,Ultra,成都大学,0,0,240,Nautilus,武汉工程大学,1,2,240,Nautilus,武汉工程大学,blue
2024,2024RMUC,RMUC,中部赛区,group,B,19194,GROUP,32,3,2024-05-23T08:00:00Z,2024-05-23,BLUE,1578,火锅,四川大学,0,0,76,RPS,中国石油大学（华东）,1,2,76,RPS,中国石油大学（华东）,blue
2024,2024RMUC,RMUC,中部赛区,group,B,19201,GROUP,39,3,2024-05-23T13:20:00Z,2024-05-23,BLUE,164,风暴,华北科技学院,0,0,71,IRobot,西安电子科技大学,1,2,71,IRobot,西安电子科技大学,blue
2024,2024RMUC,RMUC,中部赛区,group,B,19202,GROUP,40,3,2024-05-23T13:50:00Z,2024-05-23,RED,179,华南虎,华南理工大学,1,2,4,Alliance,南京理工大学,0,0,179,华南虎,华南理工大学,red
2024,2024RMUC,RMUC,中部赛区,group,B,19203,GROUP,41,3,2024-05-24T00:30:00Z,2024-05-24,BLUE,145,TCR,厦门大学嘉庚学院,0,0,65,I Hiter,哈尔滨工业大学,1,2,65,I Hiter,哈尔滨工业大学,blue
2024,2024RMUC,RMUC,中部赛区,group,B,19205,GROUP,43,3,2024-05-24T01:30:00Z,2024-05-24,RED,92,NewMaker,太原科技大学,1,2,240,Nautilus,武汉工程大学,0,0,92,NewMaker,太原科技大学,red
2024,2024RMUC,RMUC,中部赛区,knockout,,19207,KNOCKOUT,45,3,2024-05-24T05:00:00Z,2024-05-24,BLUE,71,IRobot,西安电子科技大学,0,0,29,火线,太原工业学院,0,2,29,火线,太原工业学院,blue
2024,2024RMUC,RMUC,中部赛区,knockout,,19208,KNOCKOUT,46,3,2024-05-24T05:30:00Z,2024-05-24,RED,2188,GIRT,桂林信息科技学院,0,2,4,Alliance,南京理工大学,0,0,2188,GIRT,桂林信息科技学院,red
2024,2024RMUC,RMUC,中部赛区,knockout,,19210,KNOCKOUT,48,3,2024-05-24T06:30:00Z,2024-05-24,BLUE,92,NewMaker,太原科技大学,0,0,132,追梦,北京理工大学,0,2,132,追梦,北京理工大学,blue
2024,2024RMUC,RMUC,中部赛区,knockout,,19211,KNOCKOUT,49,3,2024-05-24T07:00:00Z,2024-05-24,RED,159,ARTINX,南方科技大学,0,2,47,ACE,东莞理工学院,0,0,159,ARTINX,南方科技大学,red
2024,2024RMUC,RMUC,中部赛区,knockout,,19212,KNOCKOUT,50,3,2024-05-24T07:30:00Z,2024-05-24,RED,65,I Hiter,哈尔滨工业大学,0,2,8,创梦之翼,哈尔滨工程大学,0,1,65,I Hiter,哈尔滨工业大学,red
2024,2024RMUC,RMUC,中部赛区,knockout,,19213,KNOCKOUT,51,3,2024-05-24T08:00:00Z,2024-05-24,BLUE,76,RPS,中国石油大学（华东）,0,1,95,Passion,南昌大学,0,2,95,Passion,南昌大学,blue
2024,2024RMUC,RMUC,中部赛区,knockout,,19214,KNOCKOUT,52,3,2024-05-24T08:30:00Z,2024-05-24,RED,53,狼牙,华中科技大学,0,2,164,风暴,华北科技学院,0,1,53,狼牙,华中科技大学,red
2024,2024RMUC,RMUC,中部赛区,knockout,,19215,KNOCKOUT,53,3,2024-05-24T10:30:00Z,2024-05-24,RED,2188,GIRT,桂林信息科技学院,0,2,29,火线,太原工业学院,0,0,2188,GIRT,桂林信息科技学院,red
2024,2024RMUC,RMUC,中部赛区,knockout,,19216,KNOCKOUT,54,3,2024-05-24T11:00:00Z,2024-05-24,BLUE,179,华南虎,华南理工大学,0,0,132,追梦,北京理工大学,0,2,132,追梦,北京理工大学,blue
2024,2024RMUC,RMUC,中部赛区,knockout,,19217,KNOCKOUT,55,3,2024-05-24T11:30:00Z,2024-05-24,RED,65,I Hiter,哈尔滨工业大学,0,2,159,ARTINX,南方科技大学,0,0,65,I Hiter,哈尔滨工业大学,red
2024,2024RMUC,RMUC,中部赛区,knockout,,19218,KNOCKOUT,56,3,2024-05-24T12:00:00Z,2024-05-24,BLUE,95,Passion,南昌大学,0,0,53,狼牙,华中科技大学,0,2,53,狼牙,华中科技大学,blue
2024,2024RMUC,RMUC,中部赛区,knockout,,19219,KNOCKOUT,57,3,2024-05-24T12:30:00Z,2024-05-24,RED,71,IRobot,西安电子科技大学,0,2,4,Alliance,南京理工大学,0,0,71,IRobot,西安电子科技大学,red
2024,2024RMUC,RMUC,中部赛区,knockout,,19221,KNOCKOUT,59,3,2024-05-25T00:30:00Z,2024-05-25,RED,47,ACE,东莞理工学院,0,2,8,创梦之翼,哈尔滨工程大学,0,1,47,ACE,东莞理工学院,red
2024,2024RMUC,RMUC,中部赛区,knockout,,19222,KNOCKOUT,60,3,2024-05-25T01:00:00Z,2024-05-25,RED,164,风暴,华北科技学院,0,2,76,RPS,中国石油大学（华东）,0,1,164,风暴,华北科技学院,red
2024,2024RMUC,RMUC,中部赛区,knockout,,19223,KNOCKOUT,61,3,2024-05-25T01:30:00Z,2024-05-25,RED,2188,GIRT,桂林信息科技学院,0,2,65,I Hiter,哈尔滨工业大学,0,1,2188,GIRT,桂林信息科技学院,red
2024,2024RMUC,RMUC,中部赛区,knockout,,19224,KNOCKOUT,62,3,2024-05-25T02:00:00Z,2024-05-25,RED,132,追梦,北京理工大学,0,2,53,狼牙,华中科技大学,0,0,132,追梦,北京理工大学,red
2024,2024RMUC,RMUC,中部赛区,knockout,,19225,KNOCKOUT,63,3,2024-05-25T04:10:00Z,2024-05-25,BLUE,4,Alliance,南京理工大学,0,0,8,创梦之翼,哈尔滨工程大学,0,2,8,创梦之翼,哈尔滨工程大学,blue
2024,2024RMUC,RMUC,中部赛区,knockout,,19227,KNOCKOUT,65,3,2024-05-25T05:10:00Z,2024-05-25,RED,71,IRobot,西安电子科技大学,0,2,47,ACE,东莞理工学院,0,0,71,IRobot,西安电子科技大学,red
2024,2024RMUC,RMUC,中部赛区,knockout,,19228,KNOCKOUT,66,3,2024-05-25T06:10:00Z,2024-05-25,RED,92,NewMaker,太原科技大学,0,2,164,风暴,华北科技学院,0,1,92,NewMaker,太原科技大学,red
2024,2024RMUC,RMUC,中部赛区,knockout,,19229,KNOCKOUT,67,5,2024-05-25T07:10:00Z,2024-05-25,RED,65,I Hiter,哈尔滨工业大学,0,3,53,狼牙,华中科技大学,0,0,65,I Hiter,哈尔滨工业大学,red
2024,2024RMUC,RMUC,中部赛区,knockout,,19231,KNOCKOUT,69,5,2024-05-25T08:40:00Z,2024-05-25,BLUE,2188,GIRT,桂林信息科技学院,0,0,132,追梦,北京理工大学,0,3,132,追梦,北京理工大学,blue
2024,2024RMUC,RMUC,南部赛区,group,A,19309,GROUP,3,3,2024-05-29T01:30:00Z,2024-05-29,RED,26,RobotPilots,深圳大学,1,2,151,FYT,中南大学,0,0,26,RobotPilots,深圳大学,red
2024,2024RMUC,RMUC,南部赛区,group,A,19311,GROUP,5,3,2024-05-29T02:30:00Z,2024-05-29,BLUE,124,Taurus,华南农业大学,0,1,96,IMCA,五邑大学,1,2,96,IMCA,五邑大学,blue
2024,2024RMUC,RMUC,南部赛区,group,A,19323,GROUP,17,3,2024-05-29T10:00:00Z,2024-05-29,BLUE,840,Helios,西南交通大学,0,0,96,IMCA,五邑大学,1,2,96,IMCA,五邑大学,blue
2024,2024RMUC,RMUC,南部赛区,group,A,19326,GROUP,20,3,2024-05-29T13:15:00Z,2024-05-29,BLUE,38,Evolution,桂林电子科技大学,0,0,26,RobotPilots,深圳大学,1,2,26,RobotPilots,深圳大学,blue
2024,2024RMUC,RMUC,南部赛区,group,A,19339,GROUP,33,3,2024-05-30T08:15:00Z,2024-05-30,BLUE,96,IMCA,五邑大学,0,0,26,RobotPilots,深圳大学,1,2,26,RobotPilots,深圳大学,blue
2024,2024RMUC,RMUC,南部赛区,group,A,19343,GROUP,37,3,2024-05-30T11:30:00Z,2024-05-30,RED,38,Evolution,桂林电子科技大学,1,2,840,Helios,西南交通大学,0,0,38,Evolution,桂林电子科技大学,red
2024,2024RMUC,RMUC,南部赛区,group,B,19315,GROUP,9,3,2024-05-29T06:00:00Z,2024-05-29,RED,239,凌BUG,大连理工大学,1,2,1513,野狼,广州城市理工学院,0,0,239,凌BUG,大连理工大学,red
2024,2024RMUC,RMUC,南部赛区,group,B,19316,GROUP,10,3,2024-05-29T06:30:00Z,2024-05-29,BLUE,146,Pikachu,福建师范大学,0,1,1501,星辰,北京信息科技大学,1,2,1501,星辰,北京信息科技大学,blue
2024,2024RMUC,RMUC,南部赛区,group,B,19318,GROUP,12,3,2024-05-29T07:30:00Z,2024-05-29,RED,830,RoboBraver,电子科技大学中山学院,1,2,198,PIONEER,华南师范大学,0,0,830,RoboBraver,电子科技大学中山学院,red
2024,2024RMUC,RMUC,南部赛区,group,B,19319,GROUP,13,3,2024-05-29T08:00:00Z,2024-05-29,RED,1495,南工骁鹰,哈尔滨工业大学（深圳）,1,2,726,悍匠,深圳技术大学,0,0,1495,南工骁鹰,哈尔滨工业大学（深圳）,red
2024,2024RMUC,RMUC,南部赛区,group,B,19320,GROUP,14,3,2024-05-29T08:30:00Z,2024-05-29,RED,207,RCS,厦门大学,1,2,170,PFA,厦门理工学院,0,0,207,RCS,厦门大学,red
2024,2024RMUC,RMUC,南部赛区,group,B,19321,GROUP,15,3,2024-05-29T09:00:00Z,2024-05-29,RED,17,TDT,东北大学,1,2,34,Artisans,安徽信息工程学院,0,0,17,TDT,东北大学,red
2024,2024RMUC,RMUC,南部赛区,group,B,19331,GROUP,25,3,2024-05-30T02:30:00Z,2024-05-30,BLUE,239,凌BUG,大连理工大学,0,1,1495,南工骁鹰,哈尔滨工业大学（深圳）,1,2,1495,南工骁鹰,哈尔滨工业大学（深圳）,blue
2024,2024RMUC,RMUC,南部赛区,group,B,19333,GROUP,27,3,2024-05-30T05:00:00Z,2024-05-30,RED,2815,军临,国防科技大学,1,2,1501,星辰,北京信息科技大学,0,0,2815,军临,国防科技大学,red
2024,2024RMUC,RMUC,南部赛区,group,B,19334,GROUP,28,3,2024-05-30T05:30:00Z,2024-05-30,RED,830,RoboBraver,电子科技大学中山学院,1,2,17,TDT,东北大学,0,0,830,RoboBraver,电子科技大学中山学院,red
2024,2024RMUC,RMUC,南部赛区,group,B,19335,GROUP,29,3,2024-05-30T06:00:00Z,2024-05-30,BLUE,2189,逐曦,湘潭大学,0,1,170,PFA,厦门理工学院,1,2,170,PFA,厦门理工学院,blue
2024,2024RMUC,RMUC,南部赛区,group,B,19336,GROUP,30,3,2024-05-30T06:30:00Z,2024-05-30,BLUE,726,悍匠,深圳技术大学,0,1,1513,野狼,广州城市理工学院,1,2,1513,野狼,广州城市理工学院,blue
2024,2024RMUC,RMUC,南部赛区,group,B,19337,GROUP,31,3,2024-05-30T07:15:00Z,2024-05-30,BLUE,34,Artisans,安徽信息工程学院,0,1,198,PIONEER,华南师范大学,1,2,198,PIONEER,华南师范大学,blue
2024,2024RMUC,RMUC,南部赛区,group,B,19345,GROUP,39,3,2024-05-30T12:30:00Z,2024-05-30,RED,830,RoboBraver,电子科技大学中山学院,1,2,2815,军临,国防科技大学,0,0,830,RoboBraver,电子科技大学中山学院,red
2024,2024RMUC,RMUC,南部赛区,group,B,19347,GROUP,41,3,2024-05-31T00:30:00Z,2024-05-31,RED,239,凌BUG,大连理工大学,1,2,207,RCS,厦门大学,0,0,239,凌BUG,大连理工大学,red
2024,2024RMUC,RMUC,南部赛区,group,B,19348,GROUP,42,3,2024-05-31T01:00:00Z,2024-05-31,BLUE,198,PIONEER,华南师范大学,0,0,17,TDT,东北大学,1,2,17,TDT,东北大学,blue
2024,2024RMUC,RMUC,南部赛区,group,B,19350,GROUP,44,3,2024-05-31T02:00:00Z,2024-05-31,BLUE,170,PFA,厦门理工学院,0,1,1513,野狼,广州城市理工学院,1,2,1513,野狼,广州城市理工学院,blue
2024,2024RMUC,RMUC,南部赛区,knockout,,19442,KNOCKOUT,47,3,2024-05-31T06:40:00Z,2024-05-31,BLUE,124,Taurus,华南农业大学,0,1,830,RoboBraver,电子科技大学中山学院,0,2,830,RoboBraver,电子科技大学中山学院,blue
2024,2024RMUC,RMUC,南部赛区,knockout,,19444,KNOCKOUT,49,3,2024-05-31T08:30:00Z,2024-05-31,RED,698,笃行,西安交通大学,0,2,1513,野狼,广州城市理工学院,0,0,698,笃行,西安交通大学,red
2024,2024RMUC,RMUC,南部赛区,knockout,,19445,KNOCKOUT,50,3,2024-05-31T09:00:00Z,2024-05-31,BLUE,2815,军临,国防科技大学,0,1,38,Evolution,桂林电子科技大学,0,2,38,Evolution,桂林电子科技大学,blue
2024,2024RMUC,RMUC,南部赛区,knockout,,19447,KNOCKOUT,52,3,2024-05-31T10:00:00Z,2024-05-31,RED,151,FYT,中南大学,0,2,239,凌BUG,大连理工大学,0,0,151,FYT,中南大学,red
2024,2024RMUC,RMUC,南部赛区,knockout,,19448,KNOCKOUT,53,3,2024-05-31T12:30:00Z,2024-05-31,RED,17,TDT,东北大学,0,2,1495,南工骁鹰,哈尔滨工业大学（深圳）,0,0,17,TDT,东北大学,red
2024,2024RMUC,RMUC,南部赛区,knockout,,19449,KNOCKOUT,54,3,2024-05-31T13:00:00Z,2024-05-31,RED,830,RoboBraver,电子科技大学中山学院,0,2,96,IMCA,五邑大学,0,0,830,RoboBraver,电子科技大学中山学院,red
2024,2024RMUC,RMUC,南部赛区,knockout,,19450,KNOCKOUT,55,3,2024-06-01T00:30:00Z,2024-06-01,RED,38,Evolution,桂林电子科技大学,0,2,698,笃行,西安交通大学,0,1,38,Evolution,桂林电子科技大学,red
2024,2024RMUC,RMUC,南部赛区,knockout,,19451,KNOCKOUT,56,3,2024-06-01T01:00:00Z,2024-06-01,RED,26,RobotPilots,深圳大学,0,2,151,FYT,中南大学,0,0,26,RobotPilots,深圳大学,red
2024,2024RMUC,RMUC,南部赛区,knockout,,19454,KNOCKOUT,59,3,2024-06-01T02:30:00Z,2024-06-01,BLUE,1513,野狼,广州城市理工学院,0,1,2815,军临,国防科技大学,0,2,2815,军临,国防科技大学,blue
2024,2024RMUC,RMUC,南部赛区,knockout,,19456,KNOCKOUT,61,3,2024-06-01T04:40:00Z,2024-06-01,RED,17,TDT,东北大学,0,2,38,Evolution,桂林电子科技大学,0,0,17,TDT,东北大学,red
2024,2024RMUC,RMUC,南部赛区,knockout,,19457,KNOCKOUT,62,3,2024-06-01T05:10:00Z,2024-06-01,RED,830,RoboBraver,电子科技大学中山学院,0,2,26,RobotPilots,深圳大学,0,0,830,RoboBraver,电子科技大学中山学院,red
2024,2024RMUC,RMUC,南部赛区,knockout,,19460,KNOCKOUT,65,5,2024-06-01T07:40:00Z,2024-06-01,BLUE,38,Evolution,桂林电子科技大学,0,0,26,RobotPilots,深圳大学,0,3,26,RobotPilots,深圳大学,blue
2024,2024RMUC,RMUC,南部赛区,knockout,,19461,KNOCKOUT,66,5,2024-06-01T08:40:00Z,2024-06-01,BLUE,17,TDT,东北大学,0,1,830,RoboBraver,电子科技大学中山学院,0,3,830,RoboBraver,电子科技大学中山学院,blue
2024,2024RMUC,RMUC,港澳台及海外赛区&复活赛第一赛段,group,A,21401,GROUP,1,3,2024-08-02T10:30:00Z,2024-08-02,RED,164,风暴,华北科技学院,1,2,1513,野狼,广州城市理工学院,0,0,164,风暴,华北科技学院,red
2024,2024RMUC,RMUC,港澳台及海外赛区&复活赛第一赛段,group,A,21403,GROUP,3,3,2024-08-02T11:40:00Z,2024-08-02,RED,76,RPS,中国石油大学（华东）,1,2,183,Born of Fire,南京航空航天大学金城学院,0,0,76,RPS,中国石油大学（华东）,red
2024,2024RMUC,RMUC,港澳台及海外赛区&复活赛第一赛段,group,A,21404,GROUP,4,3,2024-08-02T12:15:00Z,2024-08-02,BLUE,8,创梦之翼,哈尔滨工程大学,0,0,165,北洋机甲,天津大学,1,2,165,北洋机甲,天津大学,blue
2024,2024RMUC,RMUC,港澳台及海外赛区&复活赛第一赛段,group,A,21410,GROUP,10,3,2024-08-03T06:55:00Z,2024-08-03,RED,165,北洋机甲,天津大学,1,2,164,风暴,华北科技学院,0,0,165,北洋机甲,天津大学,red
2024,2024RMUC,RMUC,港澳台及海外赛区&复活赛第一赛段,group,A,21411,GROUP,11,3,2024-08-03T07:30:00Z,2024-08-03,RED,8,创梦之翼,哈尔滨工程大学,1,2,1513,野狼,广州城市理工学院,0,1,8,创梦之翼,哈尔滨工程大学,red
2024,2024RMUC,RMUC,港澳台及海外赛区&复活赛第一赛段,group,A,21417,GROUP,17,3,2024-08-04T01:00:00Z,2024-08-04,RED,76,RPS,中国石油大学（华东）,1,2,165,北洋机甲,天津大学,0,0,76,RPS,中国石油大学（华东）,red
2024,2024RMUC,RMUC,港澳台及海外赛区&复活赛第一赛段,group,A,21418,GROUP,18,3,2024-08-04T01:35:00Z,2024-08-04,RED,164,风暴,华北科技学院,1,2,8,创梦之翼,哈尔滨工程大学,0,0,164,风暴,华北科技学院,red
2024,2024RMUC,RMUC,港澳台及海外赛区&复活赛第一赛段,group,B,21405,GROUP,5,3,2024-08-03T02:00:00Z,2024-08-03,RED,782,木鸢Birdiebot,上海工程技术大学,1,2,4,Alliance,南京理工大学,0,0,782,木鸢Birdiebot,上海工程技术大学,red
2024,2024RMUC,RMUC,港澳台及海外赛区&复活赛第一赛段,group,B,21406,GROUP,6,3,2024-08-03T02:35:00Z,2024-08-03,BLUE,2815,军临,国防科技大学,0,1,755,Adam,齐鲁工业大学,1,2,755,Adam,齐鲁工业大学,blue
2024,2024RMUC,RMUC,港澳台及海外赛区&复活赛第一赛段,group,B,21408,GROUP,8,3,2024-08-03T03:45:00Z,2024-08-03,RED,239,凌BUG,大连理工大学,1,2,47,ACE,东莞理工学院,0,0,239,凌BUG,大连理工大学,red
2024,2024RMUC,RMUC,港澳台及海外赛区&复活赛第一赛段,group,B,21414,GROUP,14,3,2024-08-03T09:15:00Z,2024-08-03,BLUE,239,凌BUG,大连理工大学,0,1,782,木鸢Birdiebot,上海工程技术大学,1,2,782,木鸢Birdiebot,上海工程技术大学,blue
2024,2024RMUC,RMUC,港澳台及海外赛区&复活赛第一赛段,group,B,21415,GROUP,15,3,2024-08-03T11:20:00Z,2024-08-03,BLUE,47,ACE,东莞理工学院,0,0,4,Alliance,南京理工大学,1,2,4,Alliance,南京理工大学,blue
2024,2024RMUC,RMUC,港澳台及海外赛区&复活赛第一赛段,group,B,21416,GROUP,16,3,2024-08-03T11:55:00Z,2024-08-03,RED,682,RoboWalker,中国科学技术大学,1,2,2815,军临,国防科技大学,0,1,682,RoboWalker,中国科学技术大学,red
2024,2024RMUC,RMUC,港澳台及海外赛区&复活赛第一赛段,group,B,21420,GROUP,20,3,2024-08-04T02:45:00Z,2024-08-04,RED,755,Adam,齐鲁工业大学,1,2,782,木鸢Birdiebot,上海工程技术大学,0,0,755,Adam,齐鲁工业大学,red
2024,2024RMUC,RMUC,港澳台及海外赛区&复活赛第一赛段,group,B,21422,GROUP,22,3,2024-08-04T03:55:00Z,2024-08-04,BLUE,4,Alliance,南京理工大学,0,0,682,RoboWalker,中国科学技术大学,1,2,682,RoboWalker,中国科学技术大学,blue
2024,2024RMUC,RMUC,复活赛第二赛段,group,C,21429,GROUP,23,3,2024-08-04T06:30:00Z,2024-08-04,BLUE,165,北洋机甲,天津大学,0,0,782,木鸢Birdiebot,上海工程技术大学,1,2,782,木鸢Birdiebot,上海工程技术大学,blue
2024,2024RMUC,RMUC,复活赛第二赛段,group,C,21431,GROUP,25,3,2024-08-04T07:40:00Z,2024-08-04,RED,682,RoboWalker,中国科学技术大学,1,2,133,ENTERPRIZE,香港科技大学,0,0,682,RoboWalker,中国科学技术大学,red
2024,2024RMUC,RMUC,复活赛第二赛段,group,C,21432,GROUP,26,3,2024-08-04T08:15:00Z,2024-08-04,BLUE,142,HerKules,香港大学,0,0,164,风暴,华北科技学院,1,2,164,风暴,华北科技学院,blue
2024,2024RMUC,RMUC,复活赛第二赛段,group,C,21434,GROUP,28,3,2024-08-05T01:35:00Z,2024-08-05,RED,782,木鸢Birdiebot,上海工程技术大学,1,2,682,RoboWalker,中国科学技术大学,0,0,782,木鸢Birdiebot,上海工程技术大学,red
2024,2024RMUC,RMUC,复活赛第二赛段,group,C,21435,GROUP,29,3,2024-08-05T02:10:00Z,2024-08-05,BLUE,165,北洋机甲,天津大学,0,0,133,ENTERPRIZE,香港科技大学,1,2,133,ENTERPRIZE,香港科技大学,blue
2024,2024RMUC,RMUC,复活赛第二赛段,group,C,21438,GROUP,32,3,2024-08-05T06:30:00Z,2024-08-05,RED,164,风暴,华北科技学院,1,2,682,RoboWalker,中国科学技术大学,0,1,164,风暴,华北科技学院,red
2024,2024RMUC,RMUC,复活赛第二赛段,knockout,,20848,KNOCKOUT,34,3,2024-08-05T11:00:00Z,2024-08-05,RED,164,风暴,华北科技学院,0,2,133,ENTERPRIZE,香港科技大学,0,0,164,风暴,华北科技学院,red
2024,2024RMUC,RMUC,全国赛,group,A,21474,GROUP,1,3,2024-08-06T01:35:00Z,2024-08-06,BLUE,132,追梦,北京理工大学,0,0,76,RPS,中国石油大学（华东）,1,2,76,RPS,中国石油大学（华东）,blue
2024,2024RMUC,RMUC,全国赛,group,A,21475,GROUP,2,3,2024-08-06T02:10:00Z,2024-08-06,RED,830,RoboBraver,电子科技大学中山学院,1,2,738,HERO,哈尔滨工业大学（威海）,0,0,830,RoboBraver,电子科技大学中山学院,red
2024,2024RMUC,RMUC,全国赛,group,A,21476,GROUP,3,3,2024-08-06T02:45:00Z,2024-08-06,RED,124,Taurus,华南农业大学,1,2,2188,GIRT,桂林信息科技学院,0,0,124,Taurus,华南农业大学,red
2024,2024RMUC,RMUC,全国赛,group,A,21477,GROUP,4,3,2024-08-06T03:20:00Z,2024-08-06,BLUE,71,IRobot,西安电子科技大学,0,1,195,Hello World,浙江大学,1,2,195,Hello World,浙江大学,blue
2024,2024RMUC,RMUC,全国赛,group,A,21478,GROUP,5,3,2024-08-06T05:00:00Z,2024-08-06,BLUE,65,I Hiter,哈尔滨工业大学,0,0,698,笃行,西安交通大学,1,2,698,笃行,西安交通大学,blue
2024,2024RMUC,RMUC,全国赛,group,A,21479,GROUP,6,3,2024-08-06T05:35:00Z,2024-08-06,RED,38,Evolution,桂林电子科技大学,1,2,245,3SE,东南大学,0,1,38,Evolution,桂林电子科技大学,red
2024,2024RMUC,RMUC,全国赛,group,A,21481,GROUP,8,3,2024-08-06T06:45:00Z,2024-08-06,RED,782,木鸢Birdiebot,上海工程技术大学,1,2,1495,南工骁鹰,哈尔滨工业大学（深圳）,0,0,782,木鸢Birdiebot,上海工程技术大学,red
2024,2024RMUC,RMUC,全国赛,group,A,21490,GROUP,17,3,2024-08-06T13:00:00Z,2024-08-06,RED,195,Hello World,浙江大学,1,2,38,Evolution,桂林电子科技大学,0,1,195,Hello World,浙江大学,red
2024,2024RMUC,RMUC,全国赛,group,A,21491,GROUP,18,3,2024-08-06T13:35:00Z,2024-08-06,RED,698,笃行,西安交通大学,1,2,124,Taurus,华南农业大学,0,0,698,笃行,西安交通大学,red
2024,2024RMUC,RMUC,全国赛,group,A,21492,GROUP,19,3,2024-08-07T01:00:00Z,2024-08-07,BLUE,830,RoboBraver,电子科技大学中山学院,0,0,76,RPS,中国石油大学（华东）,1,2,76,RPS,中国石油大学（华东）,blue
2024,2024RMUC,RMUC,全国赛,group,A,21493,GROUP,20,3,2024-08-07T01:35:00Z,2024-08-07,RED,159,ARTINX,南方科技大学,1,2,782,木鸢Birdiebot,上海工程技术大学,0,0,159,ARTINX,南方科技大学,red
2024,2024RMUC,RMUC,全国赛,group,A,21495,GROUP,22,3,2024-08-07T02:45:00Z,2024-08-07,BLUE,738,HERO,哈尔滨工业大学（威海）,0,1,132,追梦,北京理工大学,1,2,132,追梦,北京理工大学,blue
2024,2024RMUC,RMUC,全国赛,group,A,21496,GROUP,23,3,2024-08-07T03:20:00Z,2024-08-07,RED,65,I Hiter,哈尔滨工业大学,1,2,2188,GIRT,桂林信息科技学院,0,0,65,I Hiter,哈尔滨工业大学,red
2024,2024RMUC,RMUC,全国赛,group,A,21497,GROUP,24,3,2024-08-07T03:55:00Z,2024-08-07,BLUE,71,IRobot,西安电子科技大学,0,1,245,3SE,东南大学,1,2,245,3SE,东南大学,blue
2024,2024RMUC,RMUC,全国赛,group,A,21506,GROUP,33,3,2024-08-07T12:00:00Z,2024-08-07,RED,698,笃行,西安交通大学,1,2,159,ARTINX,南方科技大学,0,1,698,笃行,西安交通大学,red
2024,2024RMUC,RMUC,全国赛,group,A,21507,GROUP,34,3,2024-08-07T12:35:00Z,2024-08-07,RED,76,RPS,中国石油大学（华东）,1,2,195,Hello World,浙江大学,0,0,76,RPS,中国石油大学（华东）,red
2024,2024RMUC,RMUC,全国赛,group,A,21508,GROUP,35,3,2024-08-07T13:10:00Z,2024-08-07,BLUE,830,RoboBraver,电子科技大学中山学院,0,0,38,Evolution,桂林电子科技大学,1,2,38,Evolution,桂林电子科技大学,blue
2024,2024RMUC,RMUC,全国赛,group,A,21510,GROUP,37,3,2024-08-07T14:20:00Z,2024-08-07,RED,124,Taurus,华南农业大学,1,2,65,I Hiter,哈尔滨工业大学,0,1,124,Taurus,华南农业大学,red
2024,2024RMUC,RMUC,全国赛,group,A,21511,GROUP,38,3,2024-08-08T01:00:00Z,2024-08-08,BLUE,782,木鸢Birdiebot,上海工程技术大学,0,1,245,3SE,东南大学,1,2,245,3SE,东南大学,blue
2024,2024RMUC,RMUC,全国赛,group,A,21512,GROUP,39,3,2024-08-08T01:35:00Z,2024-08-08,BLUE,1495,南工骁鹰,哈尔滨工业大学（深圳）,0,0,71,IRobot,西安电子科技大学,1,2,71,IRobot,西安电子科技大学,blue
2024,2024RMUC,RMUC,全国赛,group,A,21513,GROUP,40,3,2024-08-08T02:10:00Z,2024-08-08,BLUE,738,HERO,哈尔滨工业大学（威海）,0,0,2188,GIRT,桂林信息科技学院,1,2,2188,GIRT,桂林信息科技学院,blue
2024,2024RMUC,RMUC,全国赛,group,A,21522,GROUP,49,3,2024-08-08T08:30:00Z,2024-08-08,RED,195,Hello World,浙江大学,1,2,159,ARTINX,南方科技大学,0,0,195,Hello World,浙江大学,red
2024,2024RMUC,RMUC,全国赛,group,A,21523,GROUP,50,3,2024-08-08T09:05:00Z,2024-08-08,BLUE,245,3SE,东南大学,0,0,124,Taurus,华南农业大学,1,2,124,Taurus,华南农业大学,blue
2024,2024RMUC,RMUC,全国赛,group,A,21524,GROUP,51,3,2024-08-08T09:40:00Z,2024-08-08,RED,38,Evolution,桂林电子科技大学,1,2,132,追梦,北京理工大学,0,0,38,Evolution,桂林电子科技大学,red
2024,2024RMUC,RMUC,全国赛,group,A,21525,GROUP,52,3,2024-08-08T11:15:00Z,2024-08-08,BLUE,65,I Hiter,哈尔滨工业大学,0,0,830,RoboBraver,电子科技大学中山学院,1,2,830,RoboBraver,电子科技大学中山学院,blue
2024,2024RMUC,RMUC,全国赛,group,A,21527,GROUP,54,3,2024-08-08T12:25:00Z,2024-08-08,RED,2188,GIRT,桂林信息科技学院,1,2,71,IRobot,西安电子科技大学,0,0,2188,GIRT,桂林信息科技学院,red
2024,2024RMUC,RMUC,全国赛,group,A,21534,GROUP,61,3,2024-08-09T04:20:00Z,2024-08-09,RED,132,追梦,北京理工大学,1,2,159,ARTINX,南方科技大学,0,0,132,追梦,北京理工大学,red
2024,2024RMUC,RMUC,全国赛,group,A,21535,GROUP,62,3,2024-08-09T04:55:00Z,2024-08-09,RED,245,3SE,东南大学,1,2,830,RoboBraver,电子科技大学中山学院,0,1,245,3SE,东南大学,red
2024,2024RMUC,RMUC,全国赛,group,B,21483,GROUP,10,3,2024-08-06T07:55:00Z,2024-08-06,BLUE,29,火线,太原工业学院,0,0,17,TDT,东北大学,1,2,17,TDT,东北大学,blue
2024,2024RMUC,RMUC,全国赛,group,B,21484,GROUP,11,3,2024-08-06T08:30:00Z,2024-08-06,RED,453,DynamicX,广东工业大学,1,2,92,NewMaker,太原科技大学,0,0,453,DynamicX,广东工业大学,red
2024,2024RMUC,RMUC,全国赛,group,B,21485,GROUP,12,3,2024-08-06T09:05:00Z,2024-08-06,RED,26,RobotPilots,深圳大学,1,2,755,Adam,齐鲁工业大学,0,0,26,RobotPilots,深圳大学,red
2024,2024RMUC,RMUC,全国赛,group,B,21486,GROUP,13,3,2024-08-06T09:40:00Z,2024-08-06,BLUE,151,FYT,中南大学,0,0,114,TRoMaC,太原理工大学,1,2,114,TRoMaC,太原理工大学,blue
2024,2024RMUC,RMUC,全国赛,group,B,21487,GROUP,14,3,2024-08-06T11:15:00Z,2024-08-06,BLUE,96,IMCA,五邑大学,0,0,53,狼牙,华中科技大学,1,2,53,狼牙,华中科技大学,blue
2024,2024RMUC,RMUC,全国赛,group,B,21488,GROUP,15,3,2024-08-06T11:50:00Z,2024-08-06,BLUE,95,Passion,南昌大学,0,0,672,PIE,首都师范大学,1,2,672,PIE,首都师范大学,blue
2024,2024RMUC,RMUC,全国赛,group,B,21489,GROUP,16,3,2024-08-06T12:25:00Z,2024-08-06,RED,179,华南虎,华南理工大学,1,2,666,TARS_Go,吉林大学,0,0,179,华南虎,华南理工大学,red
2024,2024RMUC,RMUC,全国赛,group,B,21498,GROUP,25,3,2024-08-07T05:35:00Z,2024-08-07,BLUE,53,狼牙,华中科技大学,0,0,26,RobotPilots,深圳大学,1,2,26,RobotPilots,深圳大学,blue
2024,2024RMUC,RMUC,全国赛,group,B,21499,GROUP,26,3,2024-08-07T06:10:00Z,2024-08-07,RED,453,DynamicX,广东工业大学,1,2,114,TRoMaC,太原理工大学,0,0,453,DynamicX,广东工业大学,red
2024,2024RMUC,RMUC,全国赛,group,B,21500,GROUP,27,3,2024-08-07T06:45:00Z,2024-08-07,BLUE,17,TDT,东北大学,0,0,148,交龙,上海交通大学,1,2,148,交龙,上海交通大学,blue
2024,2024RMUC,RMUC,全国赛,group,B,21501,GROUP,28,3,2024-08-07T07:20:00Z,2024-08-07,RED,179,华南虎,华南理工大学,1,2,672,PIE,首都师范大学,0,0,179,华南虎,华南理工大学,red
2024,2024RMUC,RMUC,全国赛,group,B,21502,GROUP,29,3,2024-08-07T07:55:00Z,2024-08-07,BLUE,666,TARS_Go,吉林大学,0,0,95,Passion,南昌大学,1,2,95,Passion,南昌大学,blue
2024,2024RMUC,RMUC,全国赛,group,B,21504,GROUP,31,3,2024-08-07T09:05:00Z,2024-08-07,BLUE,92,NewMaker,太原科技大学,0,0,151,FYT,中南大学,1,2,151,FYT,中南大学,blue
2024,2024RMUC,RMUC,全国赛,group,B,21505,GROUP,32,3,2024-08-07T09:40:00Z,2024-08-07,BLUE,96,IMCA,五邑大学,0,0,755,Adam,齐鲁工业大学,1,2,755,Adam,齐鲁工业大学,blue
2024,2024RMUC,RMUC,全国赛,group,B,21514,GROUP,41,3,2024-08-08T02:45:00Z,2024-08-08,RED,148,交龙,上海交通大学,1,2,26,RobotPilots,深圳大学,0,1,148,交龙,上海交通大学,red
2024,2024RMUC,RMUC,全国赛,group,B,21515,GROUP,42,3,2024-08-08T03:20:00Z,2024-08-08,BLUE,453,DynamicX,广东工业大学,0,0,179,华南虎,华南理工大学,1,2,179,华南虎,华南理工大学,blue
2024,2024RMUC,RMUC,全国赛,group,B,21516,GROUP,43,3,2024-08-08T05:00:00Z,2024-08-08,RED,114,TRoMaC,太原理工大学,1,2,17,TDT,东北大学,0,1,114,TRoMaC,太原理工大学,red
2024,2024RMUC,RMUC,全国赛,group,B,21517,GROUP,44,3,2024-08-08T05:35:00Z,2024-08-08,RED,672,PIE,首都师范大学,1,2,53,狼牙,华中科技大学,0,1,672,PIE,首都师范大学,red
2024,2024RMUC,RMUC,全国赛,group,B,21518,GROUP,45,3,2024-08-08T06:10:00Z,2024-08-08,RED,29,火线,太原工业学院,1,2,755,Adam,齐鲁工业大学,0,0,29,火线,太原工业学院,red
2024,2024RMUC,RMUC,全国赛,group,B,21519,GROUP,46,3,2024-08-08T06:45:00Z,2024-08-08,RED,151,FYT,中南大学,1,2,95,Passion,南昌大学,0,1,151,FYT,中南大学,red
2024,2024RMUC,RMUC,全国赛,group,B,21521,GROUP,48,3,2024-08-08T07:55:00Z,2024-08-08,BLUE,92,NewMaker,太原科技大学,0,1,96,IMCA,五邑大学,1,2,96,IMCA,五邑大学,blue
2024,2024RMUC,RMUC,全国赛,group,B,21528,GROUP,55,3,2024-08-08T13:00:00Z,2024-08-08,RED,26,RobotPilots,深圳大学,1,2,672,PIE,首都师范大学,0,0,26,RobotPilots,深圳大学,red
2024,2024RMUC,RMUC,全国赛,group,B,21529,GROUP,56,3,2024-08-08T13:35:00Z,2024-08-08,BLUE,453,DynamicX,广东工业大学,0,0,114,TRoMaC,太原理工大学,1,2,114,TRoMaC,太原理工大学,blue
2024,2024RMUC,RMUC,全国赛,group,B,21530,GROUP,57,3,2024-08-09T01:00:00Z,2024-08-09,BLUE,151,FYT,中南大学,0,0,29,火线,太原工业学院,1,2,29,火线,太原工业学院,blue
2024,2024RMUC,RMUC,全国赛,group,B,21531,GROUP,58,3,2024-08-09T01:35:00Z,2024-08-09,BLUE,755,Adam,齐鲁工业大学,0,0,17,TDT,东北大学,1,2,17,TDT,东北大学,blue
2024,2024RMUC,RMUC,全国赛,group,B,21532,GROUP,59,3,2024-08-09T02:10:00Z,2024-08-09,RED,95,Passion,南昌大学,1,2,53,狼牙,华中科技大学,0,0,95,Passion,南昌大学,red
2024,2024RMUC,RMUC,全国赛,group,B,21533,GROUP,60,3,2024-08-09T02:45:00Z,2024-08-09,RED,666,TARS_Go,吉林大学,1,2,96,IMCA,五邑大学,0,0,666,TARS_Go,吉林大学,red
2024,2024RMUC,RMUC,全国赛,group,B,21537,GROUP,64,3,2024-08-09T06:05:00Z,2024-08-09,RED,17,TDT,东北大学,1,2,672,PIE,首都师范大学,0,1,17,TDT,东北大学,red
2024,2024RMUC,RMUC,全国赛,group,B,21538,GROUP,65,3,2024-08-09T06:40:00Z,2024-08-09,BLUE,151,FYT,中南大学,0,1,453,DynamicX,广东工业大学,1,2,453,DynamicX,广东工业大学,blue
2024,2024RMUC,RMUC,全国赛,group,B,21539,GROUP,66,3,2024-08-09T07:15:00Z,2024-08-09,BLUE,666,TARS_Go,吉林大学,0,0,95,Passion,南昌大学,1,2,95,Passion,南昌大学,blue
2024,2024RMUC,RMUC,全国赛,knockout,,21541,KNOCKOUT,68,3,2024-08-09T10:25:00Z,2024-08-09,RED,29,火线,太原工业学院,0,2,38,Evolution,桂林电子科技大学,0,0,29,火线,太原工业学院,red
2024,2024RMUC,RMUC,全国赛,knockout,,21542,KNOCKOUT,69,3,2024-08-09T11:00:00Z,2024-08-09,BLUE,245,3SE,东南大学,0,0,179,华南虎,华南理工大学,0,2,179,华南虎,华南理工大学,blue
2024,2024RMUC,RMUC,全国赛,knockout,,21543,KNOCKOUT,70,3,2024-08-09T11:35:00Z,2024-08-09,RED,195,Hello World,浙江大学,0,2,17,TDT,东北大学,0,1,195,Hello World,浙江大学,red
2024,2024RMUC,RMUC,全国赛,knockout,,21544,KNOCKOUT,71,3,2024-08-09T12:10:00Z,2024-08-09,BLUE,132,追梦,北京理工大学,0,0,114,TRoMaC,太原理工大学,0,2,114,TRoMaC,太原理工大学,blue
2024,2024RMUC,RMUC,全国赛,knockout,,21545,KNOCKOUT,72,3,2024-08-09T12:45:00Z,2024-08-09,RED,698,笃行,西安交通大学,0,2,453,DynamicX,广东工业大学,0,1,698,笃行,西安交通大学,red
2024,2024RMUC,RMUC,全国赛,knockout,,21546,KNOCKOUT,73,3,2024-08-09T13:20:00Z,2024-08-09,RED,26,RobotPilots,深圳大学,0,2,124,Taurus,华南农业大学,0,1,26,RobotPilots,深圳大学,red
2024,2024RMUC,RMUC,全国赛,knockout,,21547,KNOCKOUT,74,3,2024-08-09T13:55:00Z,2024-08-09,BLUE,95,Passion,南昌大学,0,0,76,RPS,中国石油大学（华东）,0,2,76,RPS,中国石油大学（华东）,blue
2024,2024RMUC,RMUC,全国赛,knockout,,21549,KNOCKOUT,76,3,2024-08-10T01:35:00Z,2024-08-10,RED,17,TDT,东北大学,0,2,245,3SE,东南大学,0,0,17,TDT,东北大学,red
2024,2024RMUC,RMUC,全国赛,knockout,,21550,KNOCKOUT,77,3,2024-08-10T02:10:00Z,2024-08-10,BLUE,132,追梦,北京理工大学,0,1,453,DynamicX,广东工业大学,0,2,453,DynamicX,广东工业大学,blue
2024,2024RMUC,RMUC,全国赛,knockout,,21551,KNOCKOUT,78,3,2024-08-10T02:45:00Z,2024-08-10,RED,95,Passion,南昌大学,0,2,124,Taurus,华南农业大学,0,0,95,Passion,南昌大学,red
2024,2024RMUC,RMUC,全国赛,knockout,,21552,KNOCKOUT,79,3,2024-08-10T04:20:00Z,2024-08-10,RED,148,交龙,上海交通大学,0,2,29,火线,太原工业学院,0,0,148,交龙,上海交通大学,red
2024,2024RMUC,RMUC,全国赛,knockout,,21553,KNOCKOUT,80,3,2024-08-10T04:55:00Z,2024-08-10,RED,195,Hello World,浙江大学,0,2,179,华南虎,华南理工大学,0,0,195,Hello World,浙江大学,red
2024,2024RMUC,RMUC,全国赛,knockout,,21554,KNOCKOUT,81,3,2024-08-10T05:30:00Z,2024-08-10,RED,114,TRoMaC,太原理工大学,0,2,698,笃行,西安交通大学,0,0,114,TRoMaC,太原理工大学,red
2024,2024RMUC,RMUC,全国赛,knockout,,21555,KNOCKOUT,82,3,2024-08-10T06:05:00Z,2024-08-10,RED,76,RPS,中国石油大学（华东）,0,2,26,RobotPilots,深圳大学,0,0,76,RPS,中国石油大学（华东）,red
2024,2024RMUC,RMUC,全国赛,knockout,,21556,KNOCKOUT,83,3,2024-08-10T07:25:00Z,2024-08-10,RED,95,Passion,南昌大学,0,2,29,火线,太原工业学院,0,0,95,Passion,南昌大学,red
2024,2024RMUC,RMUC,全国赛,knockout,,21557,KNOCKOUT,84,3,2024-08-10T08:00:00Z,2024-08-10,BLUE,453,DynamicX,广东工业大学,0,0,179,华南虎,华南理工大学,0,2,179,华南虎,华南理工大学,blue
2024,2024RMUC,RMUC,全国赛,knockout,,21558,KNOCKOUT,85,3,2024-08-10T08:35:00Z,2024-08-10,BLUE,698,笃行,西安交通大学,0,0,17,TDT,东北大学,0,2,17,TDT,东北大学,blue
2024,2024RMUC,RMUC,全国赛,knockout,,21560,KNOCKOUT,87,3,2024-08-10T11:10:00Z,2024-08-10,RED,148,交龙,上海交通大学,0,2,114,TRoMaC,太原理工大学,0,0,148,交龙,上海交通大学,red
2024,2024RMUC,RMUC,全国赛,knockout,,21561,KNOCKOUT,88,3,2024-08-10T11:45:00Z,2024-08-10,RED,195,Hello World,浙江大学,0,2,76,RPS,中国石油大学（华东）,0,1,195,Hello World,浙江大学,red
2024,2024RMUC,RMUC,全国赛,knockout,,21562,KNOCKOUT,89,3,2024-08-10T12:20:00Z,2024-08-10,BLUE,95,Passion,南昌大学,0,0,17,TDT,东北大学,0,2,17,TDT,东北大学,blue
2024,2024RMUC,RMUC,全国赛,knockout,,21563,KNOCKOUT,90,3,2024-08-10T12:55:00Z,2024-08-10,RED,179,华南虎,华南理工大学,0,2,26,RobotPilots,深圳大学,0,1,179,华南虎,华南理工大学,red
2024,2024RMUC,RMUC,全国赛,knockout,,21564,KNOCKOUT,91,3,2024-08-11T01:00:00Z,2024-08-11,BLUE,114,TRoMaC,太原理工大学,0,0,17,TDT,东北大学,0,2,17,TDT,东北大学,blue
2024,2024RMUC,RMUC,全国赛,knockout,,21565,KNOCKOUT,92,3,2024-08-11T01:35:00Z,2024-08-11,BLUE,76,RPS,中国石油大学（华东）,0,0,179,华南虎,华南理工大学,0,2,179,华南虎,华南理工大学,blue
2024,2024RMUC,RMUC,全国赛,knockout,,21566,KNOCKOUT,93,3,2024-08-11T04:00:00Z,2024-08-11,BLUE,17,TDT,东北大学,0,0,148,交龙,上海交通大学,0,2,148,交龙,上海交通大学,blue
2024,2024RMUC,RMUC,全国赛,knockout,,21567,KNOCKOUT,94,3,2024-08-11T04:35:00Z,2024-08-11,BLUE,195,Hello World,浙江大学,0,1,179,华南虎,华南理工大学,0,2,179,华南虎,华南理工大学,blue
2024,2024RMUC,RMUC,全国赛,knockout,,21568,KNOCKOUT,95,5,2024-08-11T07:10:00Z,2024-08-11,RED,17,TDT,东北大学,0,3,195,Hello World,浙江大学,0,0,17,TDT,东北大学,red
2024,2024RMUC,RMUC,全国赛,knockout,,21569,KNOCKOUT,96,5,2024-08-11T08:10:00Z,2024-08-11,RED,148,交龙,上海交通大学,0,3,179,华南虎,华南理工大学,0,0,148,交龙,上海交通大学,red
