season,event_code,league,zone_id,zone_name,group_name,group_order,college_name,college_logo,team_name,rank,w_d_l,points,total_victory_point_diff,total_team_damage,total_robot_hp_remaining,metrics_json
2026,2026RMUL,RMUL,581,安徽站,A组,1,合肥工业大学（宣城校区）,https://rm-static.djicdn.com/games-backend/6b928c7e-4ab6-48ab-8a5a-39836fd182c7,WDR,1,3/0/0,9,1193,11840,5702,"{""全队总伤害血量"": 11840, ""全队机器人总剩余血量"": 5702, ""总净胜胜利点"": 1193, ""排名"": 1, ""积分"": 9, ""胜/平/负"": ""3/0/0""}"
2026,2026RMUL,RMUL,581,安徽站,A组,2,武汉华夏理工学院,https://terra-cn-oss-cdn-public-pro.oss-cn-hangzhou.aliyuncs.com/b2a076471c6c4b72b574a977334d3e05/e2f749d3-2ddd-4cb4-ac73-a47be023fb2e,京喜,2,2/0/1,6,249,4176,3426,"{""全队总伤害血量"": 4176, ""全队机器人总剩余血量"": 3426, ""总净胜胜利点"": 249, ""排名"": 2, ""积分"": 6, ""胜/平/负"": ""2/0/1""}"
2026,2026RMUL,RMUL,581,安徽站,A组,3,南京航空航天大学（天目湖校区）,https://terra-cn-oss-cdn-public-pro.oss-cn-hangzhou.aliyuncs.com/b2a076471c6c4b72b574a977334d3e05/623e992f-f617-4e90-ad03-3b95a861ab85,巡天御风,3,1/0/2,3,-400,68,3586,"{""全队总伤害血量"": 68, ""全队机器人总剩余血量"": 3586, ""总净胜胜利点"": -400, ""排名"": 3, ""积分"": 3, ""胜/平/负"": ""1/0/2""}"
2026,2026RMUL,RMUL,581,安徽站,A组,4,广东以色列理工学院,https://terra-cn-oss-cdn-public-pro.oss-cn-hangzhou.aliyuncs.com/b2a076471c6c4b72b574a977334d3e05/bb951d31-0df1-4da6-a4b7-8939c60910ac,工夫,4,0/0/3,0,-1042,1671,2820,"{""全队总伤害血量"": 1671, ""全队机器人总剩余血量"": 2820, ""总净胜胜利点"": -1042, ""排名"": 4, ""积分"": 0, ""胜/平/负"": ""0/0/3""}"
2026,2026RMUL,RMUL,581,安徽站,B组,1,湖北第二师范学院,https://terra-cn-oss-cdn-public-pro.oss-cn-hangzhou.aliyuncs.com/b2a076471c6c4b72b574a977334d3e05/ed5b9c10-06f5-4774-98ef-725b9ed40fe8,潜云DGE,1,2/0/0,6,749,5378,3554,"{""全队总伤害血量"": 5378, ""全队机器人总剩余血量"": 3554, ""总净胜胜利点"": 749, ""排名"": 1, ""积分"": 6, ""胜/平/负"": ""2/0/0""}"
2026,2026RMUL,RMUL,581,安徽站,B组,2,常州大学,https://terra-cn-oss-cdn-public-pro.oss-cn-hangzhou.aliyuncs.com/b2a076471c6c4b72b574a977334d3e05/e8a579bb-264e-4eee-88b7-ccc1a64b4729,Climber,2,1/0/1,3,51,3238,2624,"{""全队总伤害血量"": 3238, ""全队机器人总剩余血量"": 2624, ""总净胜胜利点"": 51, ""排名"": 2, ""积分"": 3, ""胜/平/负"": ""1/0/1""}"
2026,2026RMUL,RMUL,581,安徽站,B组,3,湖北科技学院,https://terra-cn-oss-cdn-public-pro.oss-cn-hangzhou.aliyuncs.com/b2a076471c6c4b72b574a977334d3e05/8ae0f7b4-daab-41ea-b4b8-6382749defc0,机械之心,3,0/0/2,0,-800,1040,2876,"{""全队总伤害血量"": 1040, ""全队机器人总剩余血量"": 2876, ""总净胜胜利点"": -800, ""排名"": 3, ""积分"": 0, ""胜/平/负"": ""0/0/2""}"
2026,2026RMUL,RMUL,581,安徽站,C组,1,中国科学技术大学,https://hz-rm-bbs-web-prod.oss-cn-hangzhou.aliyuncs.com/096f1b222fd545e2ac0de6ece5f2abf11772631439377/中国科学技术大学校徽.png,RoboWalker,1,2/0/0,6,612,14710,2866,"{""全队总伤害血量"": 14710, ""全队机器人总剩余血量"": 2866, ""总净胜胜利点"": 612, ""排名"": 1, ""积分"": 6, ""胜/平/负"": ""2/0/0""}"
2026,2026RMUL,RMUL,581,安徽站,C组,2,南昌航空大学,https://terra-cn-oss-cdn-public-pro.oss-cn-hangzhou.aliyuncs.com/b2a076471c6c4b72b574a977334d3e05/40378f76-e8b9-4f0a-99b5-332f98d87f8e,洪鹰,2,1/0/1,3,36,4492,2813,"{""全队总伤害血量"": 4492, ""全队机器人总剩余血量"": 2813, ""总净胜胜利点"": 36, ""排名"": 2, ""积分"": 3, ""胜/平/负"": ""1/0/1""}"
2026,2026RMUL,RMUL,581,安徽站,C组,3,武汉生物工程学院,https://terra-cn-oss-cdn-public-pro.oss-cn-hangzhou.aliyuncs.com/b2a076471c6c4b72b574a977334d3e05/b658fd29-95c0-4655-9848-c92327f5ff27,lamb,3,0/0/2,0,-648,1161,2524,"{""全队总伤害血量"": 1161, ""全队机器人总剩余血量"": 2524, ""总净胜胜利点"": -648, ""排名"": 3, ""积分"": 0, ""胜/平/负"": ""0/0/2""}"
2026,2026RMUL,RMUL,581,安徽站,D组,1,江苏开放大学,https://terra-cn-oss-cdn-public-pro.oss-cn-hangzhou.aliyuncs.com/b2a076471c6c4b72b574a977334d3e05/e4bb7bfb-38ee-494d-a733-4729a481a70e,开拓者,1,2/0/0,6,780,9054,3592,"{""全队总伤害血量"": 9054, ""全队机器人总剩余血量"": 3592, ""总净胜胜利点"": 780, ""排名"": 1, ""积分"": 6, ""胜/平/负"": ""2/0/0""}"
2026,2026RMUL,RMUL,581,安徽站,D组,2,香港科技大学,https://terra-us-pro-rm-prod-pub-us.s3.amazonaws.com/da84bc27e35640e4b9feecd839639d57/b3b3847d-535c-47a4-bc43-b694cb2d7ca9,ENTERPRIZE,2,1/0/1,3,20,7212,2912,"{""全队总伤害血量"": 7212, ""全队机器人总剩余血量"": 2912, ""总净胜胜利点"": 20, ""排名"": 2, ""积分"": 3, ""胜/平/负"": ""1/0/1""}"
2026,2026RMUL,RMUL,581,安徽站,D组,3,江西工程学院,https://terra-cn-oss-cdn-public-pro.oss-cn-hangzhou.aliyuncs.com/b2a076471c6c4b72b574a977334d3e05/ebf462d3-67a4-410e-8997-907eec11eb9f,天启,3,0/0/2,0,-800,1260,2882,"{""全队总伤害血量"": 1260, ""全队机器人总剩余血量"": 2882, ""总净胜胜利点"": -800, ""排名"": 3, ""积分"": 0, ""胜/平/负"": ""0/0/2""}"
2026,2026RMUL,RMUL,581,安徽站,E组,1,中南大学,https://pro-robomasters-hz-n5i3.oss-cn-hangzhou.aliyuncs.com/teams/1525676967503-logo_blue_800x800.png,FYT,1,3/0/0,9,767,18628,3787,"{""全队总伤害血量"": 18628, ""全队机器人总剩余血量"": 3787, ""总净胜胜利点"": 767, ""排名"": 1, ""积分"": 9, ""胜/平/负"": ""3/0/0""}"
2026,2026RMUL,RMUL,581,安徽站,E组,2,武汉科技大学,https://hz-rm-bbs-web-prod.oss-cn-hangzhou.aliyuncs.com/884b768f5be84ed1aca7b8aeeeed61a71761836966818/1 标准标志.png,崇实,2,2/0/1,6,418,5801,4132,"{""全队总伤害血量"": 5801, ""全队机器人总剩余血量"": 4132, ""总净胜胜利点"": 418, ""排名"": 2, ""积分"": 6, ""胜/平/负"": ""2/0/1""}"
2026,2026RMUL,RMUL,581,安徽站,E组,3,阳光学院,https://hz-rm-bbs-web-prod.oss-cn-hangzhou.aliyuncs.com/58c02b5c314a4ba29fca9960bf59ff091762749945188/校徽.png,迹屿,3,1/0/2,3,-33,4870,4860,"{""全队总伤害血量"": 4870, ""全队机器人总剩余血量"": 4860, ""总净胜胜利点"": -33, ""排名"": 3, ""积分"": 3, ""胜/平/负"": ""1/0/2""}"
2026,2026RMUL,RMUL,581,安徽站,E组,4,安徽大学,https://terra-cn-oss-cdn-public-pro.oss-cn-hangzhou.aliyuncs.com/b2a076471c6c4b72b574a977334d3e05/e5ca0f5c-692b-4ddf-ac7e-473f21f9c80d,Supremacy,4,0/0/3,0,-1152,909,4228,"{""全队总伤害血量"": 909, ""全队机器人总剩余血量"": 4228, ""总净胜胜利点"": -1152, ""排名"": 4, ""积分"": 0, ""胜/平/负"": ""0/0/3""}"
2026,2026RMUL,RMUL,581,安徽站,F组,1,珠海科技学院,https://terra-cn-oss-cdn-public-pro.oss-cn-hangzhou.aliyuncs.com/b2a076471c6c4b72b574a977334d3e05/93950dc1-4e93-4a64-afac-e9c8dc03d4c0,征途Uprising,1,1/1/0,4,477,6558,2947,"{""全队总伤害血量"": 6558, ""全队机器人总剩余血量"": 2947, ""总净胜胜利点"": 477, ""排名"": 1, ""积分"": 4, ""胜/平/负"": ""1/1/0""}"
2026,2026RMUL,RMUL,581,安徽站,F组,2,安徽理工大学,https://terra-cn-oss-cdn-public-pro.oss-cn-hangzhou.aliyuncs.com/b2a076471c6c4b72b574a977334d3e05/f7a96439-26ca-4014-a332-4a4c5737d12f,鸿烈,2,0/2/0,2,-116,5733,2604,"{""全队总伤害血量"": 5733, ""全队机器人总剩余血量"": 2604, ""总净胜胜利点"": -116, ""排名"": 2, ""积分"": 2, ""胜/平/负"": ""0/2/0""}"
2026,2026RMUL,RMUL,581,安徽站,F组,3,安徽信息工程学院,https://pro-robomasters-hz-n5i3.oss-cn-hangzhou.aliyuncs.com/teams/1525668159005-logo_blue_800x800.png,Artisans,3,0/1/1,1,-361,3065,2175,"{""全队总伤害血量"": 3065, ""全队机器人总剩余血量"": 2175, ""总净胜胜利点"": -361, ""排名"": 3, ""积分"": 1, ""胜/平/负"": ""0/1/1""}"
2026,2026RMUL,RMUL,581,安徽站,G组,1,华中科技大学,https://pro-robomasters-hz-n5i3.oss-cn-hangzhou.aliyuncs.com/teams/1525675209294-logo_blue_800x800.png,狼牙,1,1/1/0,4,205,6680,3426,"{""全队总伤害血量"": 6680, ""全队机器人总剩余血量"": 3426, ""总净胜胜利点"": 205, ""排名"": 1, ""积分"": 4, ""胜/平/负"": ""1/1/0""}"
2026,2026RMUL,RMUL,581,安徽站,G组,2,湖北工业大学,https://pro-robomasters-hz-n5i3.oss-cn-hangzhou.aliyuncs.com/teams/1525667615591-logo_blue_800x800.png,力创RM,2,1/0/1,3,105,5806,2798,"{""全队总伤害血量"": 5806, ""全队机器人总剩余血量"": 2798, ""总净胜胜利点"": 105, ""排名"": 2, ""积分"": 3, ""胜/平/负"": ""1/0/1""}"
2026,2026RMUL,RMUL,581,安徽站,G组,3,湖南农业大学,https://terra-cn-oss-cdn-public-pro.oss-cn-hangzhou.aliyuncs.com/b2a076471c6c4b72b574a977334d3e05/c38f6a85-10cb-4058-9ac4-000848c56922,Together ,3,0/1/1,1,-310,5456,1392,"{""全队总伤害血量"": 5456, ""全队机器人总剩余血量"": 1392, ""总净胜胜利点"": -310, ""排名"": 3, ""积分"": 1, ""胜/平/负"": ""0/1/1""}"
2026,2026RMUL,RMUL,581,安徽站,H组,1,合肥工业大学,https://rm-static.djicdn.com/games-backend/6b928c7e-4ab6-48ab-8a5a-39836fd182c7,苍穹,1,1/1/0,4,522,4207,3670,"{""全队总伤害血量"": 4207, ""全队机器人总剩余血量"": 3670, ""总净胜胜利点"": 522, ""排名"": 1, ""积分"": 4, ""胜/平/负"": ""1/1/0""}"
2026,2026RMUL,RMUL,581,安徽站,H组,2,福州大学,https://terra-cn-oss-cdn-public-pro.oss-cn-hangzhou.aliyuncs.com/b2a076471c6c4b72b574a977334d3e05/e493fa1e-adae-4bf9-9ca8-9e524acd3b82,浮舟湿地,2,1/1/0,4,278,2233,3224,"{""全队总伤害血量"": 2233, ""全队机器人总剩余血量"": 3224, ""总净胜胜利点"": 278, ""排名"": 2, ""积分"": 4, ""胜/平/负"": ""1/1/0""}"
2026,2026RMUL,RMUL,581,安徽站,H组,3,常州机电职业技术学院,https://hz-rm-bbs-web-prod.oss-cn-hangzhou.aliyuncs.com/761409808b7e4af1b1bf4cec282bb82d1761741897334/微信图片_20251029201932_23_293.png,棠海电龙,3,0/0/2,0,-800,0,4400,"{""全队总伤害血量"": 0, ""全队机器人总剩余血量"": 4400, ""总净胜胜利点"": -800, ""排名"": 3, ""积分"": 0, ""胜/平/负"": ""0/0/2""}"
2026,2026RMUL,RMUL,582,华南站,A组,1,广东工业大学,https://terra-cn-oss-cdn-public-pro.oss-cn-hangzhou.aliyuncs.com/b2a076471c6c4b72b574a977334d3e05/257785f9-4ac3-4369-8e60-49ffe0b141e8,DynamicX,1,2/0/0,6,729,6916,3900,"{""全队总伤害血量"": 6916, ""全队机器人总剩余血量"": 3900, ""总净胜胜利点"": 729, ""排名"": 1, ""积分"": 6, ""胜/平/负"": ""2/0/0""}"
2026,2026RMUL,RMUL,582,华南站,A组,2,深圳信息职业技术大学,https://hz-rm-bbs-web-prod.oss-cn-hangzhou.aliyuncs.com/b3f80920b08b456aaf5b717a5fa8481e1772679483025/IMG_202603054967_800x800.png,撼龙,2,1/0/1,3,-191,3533,1376,"{""全队总伤害血量"": 3533, ""全队机器人总剩余血量"": 1376, ""总净胜胜利点"": -191, ""排名"": 2, ""积分"": 3, ""胜/平/负"": ""1/0/1""}"
2026,2026RMUL,RMUL,582,华南站,A组,3,惠州学院,https://terra-us-pro-rm-prod-pub-us.s3.amazonaws.com/da84bc27e35640e4b9feecd839639d57/f80fcacd-41b4-4a44-aac4-b7f2d7c43b8b,District 46,3,0/0/2,0,-538,3840,2278,"{""全队总伤害血量"": 3840, ""全队机器人总剩余血量"": 2278, ""总净胜胜利点"": -538, ""排名"": 3, ""积分"": 0, ""胜/平/负"": ""0/0/2""}"
2026,2026RMUL,RMUL,582,华南站,B组,1,广州航海学院,https://terra-cn-oss-cdn-public-pro.oss-cn-hangzhou.aliyuncs.com/b2a076471c6c4b72b574a977334d3e05/4b1cd184-22e5-4e62-b74c-b826d16415fe,ICBK破冰船,1,2/0/0,6,474,12036,2774,"{""全队总伤害血量"": 12036, ""全队机器人总剩余血量"": 2774, ""总净胜胜利点"": 474, ""排名"": 1, ""积分"": 6, ""胜/平/负"": ""2/0/0""}"
2026,2026RMUL,RMUL,582,华南站,B组,2,华南理工大学,https://terra-cn-oss-cdn-public-pro.oss-cn-hangzhou.aliyuncs.com/b2a076471c6c4b72b574a977334d3e05/b81c5a92-dc8f-479d-97b4-d531a39ce70b,华南虎,2,0/1/1,1,-140,7994,3226,"{""全队总伤害血量"": 7994, ""全队机器人总剩余血量"": 3226, ""总净胜胜利点"": -140, ""排名"": 2, ""积分"": 1, ""胜/平/负"": ""0/1/1""}"
2026,2026RMUL,RMUL,582,华南站,B组,3,北京理工大学（珠海）,https://hz-rm-bbs-web-prod.oss-cn-hangzhou.aliyuncs.com/fd9fe62ea89441c085a5b6d7efdf83c21772537363037/41aed6e0892b82b69ee0fbc471a8d3db.png,毅恒,3,0/1/1,1,-334,5166,1808,"{""全队总伤害血量"": 5166, ""全队机器人总剩余血量"": 1808, ""总净胜胜利点"": -334, ""排名"": 3, ""积分"": 1, ""胜/平/负"": ""0/1/1""}"
2026,2026RMUL,RMUL,582,华南站,C组,1,广东轻工职业技术大学,https://hz-rm-bbs-web-prod.oss-cn-hangzhou.aliyuncs.com/00fb0558415646ec97ad20ae7ca3bd021762222081970/标准标识-校徽.png,Inventor,1,1/1/0,4,376,5088,3812,"{""全队总伤害血量"": 5088, ""全队机器人总剩余血量"": 3812, ""总净胜胜利点"": 376, ""排名"": 1, ""积分"": 4, ""胜/平/负"": ""1/1/0""}"
2026,2026RMUL,RMUL,582,华南站,C组,2,哈尔滨工业大学（深圳）,https://terra-cn-oss-cdn-public-pro.oss-cn-hangzhou.aliyuncs.com/b2a076471c6c4b72b574a977334d3e05/e67c1d7c-25e6-4491-9f63-58c7bdba727e,南工骁鹰,2,1/1/0,4,54,6442,1708,"{""全队总伤害血量"": 6442, ""全队机器人总剩余血量"": 1708, ""总净胜胜利点"": 54, ""排名"": 2, ""积分"": 4, ""胜/平/负"": ""1/1/0""}"
2026,2026RMUL,RMUL,582,华南站,C组,3,广东海洋大学,https://terra-cn-oss-cdn-public-pro.oss-cn-hangzhou.aliyuncs.com/b2a076471c6c4b72b574a977334d3e05/4635e1c8-0428-4b25-9560-adaba197d770,浪潮,3,0/0/2,0,-430,2780,834,"{""全队总伤害血量"": 2780, ""全队机器人总剩余血量"": 834, ""总净胜胜利点"": -430, ""排名"": 3, ""积分"": 0, ""胜/平/负"": ""0/0/2""}"
2026,2026RMUL,RMUL,582,华南站,D组,1,华南农业大学,https://hz-rm-bbs-web-prod.oss-cn-hangzhou.aliyuncs.com/c8db6f26e28841fba220adc7710b07871762017323697/img_v3_02rk_5db0ce6e-139d-4242-ac48-5a2a0e25056g.png,Taurus,1,2/0/0,6,735,8129,3338,"{""全队总伤害血量"": 8129, ""全队机器人总剩余血量"": 3338, ""总净胜胜利点"": 735, ""排名"": 1, ""积分"": 6, ""胜/平/负"": ""2/0/0""}"
2026,2026RMUL,RMUL,582,华南站,D组,2,广东交通职业技术学院,https://terra-cn-oss-cdn-public-pro.oss-cn-hangzhou.aliyuncs.com/b2a076471c6c4b72b574a977334d3e05/51edbdc5-af8a-460f-bedf-e6dd618f8346,擎天,2,1/0/1,3,-132,4336,2061,"{""全队总伤害血量"": 4336, ""全队机器人总剩余血量"": 2061, ""总净胜胜利点"": -132, ""排名"": 2, ""积分"": 3, ""胜/平/负"": ""1/0/1""}"
2026,2026RMUL,RMUL,582,华南站,D组,3,广州南方学院,https://terra-cn-oss-cdn-public-pro.oss-cn-hangzhou.aliyuncs.com/b2a076471c6c4b72b574a977334d3e05/ba5c9354-6a31-45dd-b0bb-d3cbc090236c,南風,3,0/0/2,0,-603,300,2390,"{""全队总伤害血量"": 300, ""全队机器人总剩余血量"": 2390, ""总净胜胜利点"": -603, ""排名"": 3, ""积分"": 0, ""胜/平/负"": ""0/0/2""}"
2026,2026RMUL,RMUL,582,华南站,E组,1,佛山大学,https://hz-rm-bbs-web-prod.oss-cn-hangzhou.aliyuncs.com/12af8ff6ddcf485aaee6e967a09db4c51772771556030/8c88f498-f507-46b6-b4fa-c4e0da189364.png,醒狮,1,2/0/0,6,776,13153,3648,"{""全队总伤害血量"": 13153, ""全队机器人总剩余血量"": 3648, ""总净胜胜利点"": 776, ""排名"": 1, ""积分"": 6, ""胜/平/负"": ""2/0/0""}"
2026,2026RMUL,RMUL,582,华南站,E组,2,南方科技大学,https://pro-robomasters-hz-n5i3.oss-cn-hangzhou.aliyuncs.com/teams/1525665910623-logo_orange_800x800.png,ARTINX,2,1/0/1,3,-42,2880,2172,"{""全队总伤害血量"": 2880, ""全队机器人总剩余血量"": 2172, ""总净胜胜利点"": -42, ""排名"": 2, ""积分"": 3, ""胜/平/负"": ""1/0/1""}"
2026,2026RMUL,RMUL,582,华南站,E组,3,广州大学,https://hz-rm-bbs-web-prod.oss-cn-hangzhou.aliyuncs.com/a776473aa2ad4fcca6bac0e85fa09d6f1772716415500/gzhu-800x800.png,庆园阁,3,0/0/2,0,-734,1951,3184,"{""全队总伤害血量"": 1951, ""全队机器人总剩余血量"": 3184, ""总净胜胜利点"": -734, ""排名"": 3, ""积分"": 0, ""胜/平/负"": ""0/0/2""}"
2026,2026RMUL,RMUL,582,华南站,F组,1,广州城市理工学院,https://terra-cn-oss-cdn-public-pro.oss-cn-hangzhou.aliyuncs.com/b2a076471c6c4b72b574a977334d3e05/9365936c-3c07-449d-8e0e-2ed9e050e0f3,野狼,1,2/0/0,6,738,9718,3120,"{""全队总伤害血量"": 9718, ""全队机器人总剩余血量"": 3120, ""总净胜胜利点"": 738, ""排名"": 1, ""积分"": 6, ""胜/平/负"": ""2/0/0""}"
2026,2026RMUL,RMUL,582,华南站,F组,2,深圳大学,https://pro-robomasters-hz-n5i3.oss-cn-hangzhou.aliyuncs.com/teams/1525667668942-logo_red_800x800.png,RobotPilots,2,1/0/1,3,-340,4959,1915,"{""全队总伤害血量"": 4959, ""全队机器人总剩余血量"": 1915, ""总净胜胜利点"": -340, ""排名"": 2, ""积分"": 3, ""胜/平/负"": ""1/0/1""}"
2026,2026RMUL,RMUL,582,华南站,F组,3,深圳职业技术大学,https://terra-cn-oss-cdn-public-pro.oss-cn-hangzhou.aliyuncs.com/b2a076471c6c4b72b574a977334d3e05/c4e80f93-0bbb-49b4-b391-0b6671351c1b,RCIA,3,0/0/2,0,-398,6648,1736,"{""全队总伤害血量"": 6648, ""全队机器人总剩余血量"": 1736, ""总净胜胜利点"": -398, ""排名"": 3, ""积分"": 0, ""胜/平/负"": ""0/0/2""}"
2026,2026RMUL,RMUL,582,华南站,G组,1,五邑大学,https://pro-robomasters-hz-n5i3.oss-cn-hangzhou.aliyuncs.com/teams/1525678640816-logo_glod_800x800.png,IMCA,1,2/0/0,6,786,5965,3838,"{""全队总伤害血量"": 5965, ""全队机器人总剩余血量"": 3838, ""总净胜胜利点"": 786, ""排名"": 1, ""积分"": 6, ""胜/平/负"": ""2/0/0""}"
2026,2026RMUL,RMUL,582,华南站,G组,2,深圳技术大学,https://terra-cn-oss-cdn-public-pro.oss-cn-hangzhou.aliyuncs.com/b2a076471c6c4b72b574a977334d3e05/d6d0f220-ef43-4e8b-9805-bf5d2e516b06,悍匠,2,1/0/1,3,12,4141,2960,"{""全队总伤害血量"": 4141, ""全队机器人总剩余血量"": 2960, ""总净胜胜利点"": 12, ""排名"": 2, ""积分"": 3, ""胜/平/负"": ""1/0/1""}"
2026,2026RMUL,RMUL,582,华南站,G组,3,海南大学,https://terra-cn-oss-cdn-public-pro.oss-cn-hangzhou.aliyuncs.com/b2a076471c6c4b72b574a977334d3e05/144627fb-8595-46ef-a4ed-68d0a340f7a4,南海鲨,3,0/0/2,0,-798,1960,3112,"{""全队总伤害血量"": 1960, ""全队机器人总剩余血量"": 3112, ""总净胜胜利点"": -798, ""排名"": 3, ""积分"": 0, ""胜/平/负"": ""0/0/2""}"
2026,2026RMUL,RMUL,582,华南站,H组,1,东莞理工学院,https://rm-static.djicdn.com/games-backend/ef8c032e-9c30-467d-afc0-81ee5475cfe3,ACE,1,2/0/0,6,697,18958,3272,"{""全队总伤害血量"": 18958, ""全队机器人总剩余血量"": 3272, ""总净胜胜利点"": 697, ""排名"": 1, ""积分"": 6, ""胜/平/负"": ""2/0/0""}"
2026,2026RMUL,RMUL,582,华南站,H组,2,电子科技大学中山学院,https://terra-cn-oss-cdn-public-pro.oss-cn-hangzhou.aliyuncs.com/b2a076471c6c4b72b574a977334d3e05/6784aac0-42fc-4ffd-9e1c-cc27427022e3,RoboBraver,2,1/0/1,3,-20,7008,2796,"{""全队总伤害血量"": 7008, ""全队机器人总剩余血量"": 2796, ""总净胜胜利点"": -20, ""排名"": 2, ""积分"": 3, ""胜/平/负"": ""1/0/1""}"
2026,2026RMUL,RMUL,582,华南站,H组,3,华南师范大学,https://terra-cn-oss-cdn-public-pro.oss-cn-hangzhou.aliyuncs.com/b2a076471c6c4b72b574a977334d3e05/fd62886a-35c8-43d9-a0dc-d941a1dcc554,PIONEER,3,0/0/2,0,-677,1660,2810,"{""全队总伤害血量"": 1660, ""全队机器人总剩余血量"": 2810, ""总净胜胜利点"": -677, ""排名"": 3, ""积分"": 0, ""胜/平/负"": ""0/0/2""}"
2026,2026RMUL,RMUL,583,山东站,A组,1,河北科技大学,https://pro-robomasters-hz-n5i3.oss-cn-hangzhou.aliyuncs.com/teams/1525678437924-logo_blue_800x800.png,Actor&Thinker,1,2/1/0,7,455,10600,4987,"{""全队总伤害血量"": 10600, ""全队机器人总剩余血量"": 4987, ""总净胜胜利点"": 455, ""排名"": 1, ""积分"": 7, ""胜/平/负"": ""2/1/0""}"
2026,2026RMUL,RMUL,583,山东站,A组,2,山东理工大学,https://terra-cn-oss-cdn-public-pro.oss-cn-hangzhou.aliyuncs.com/b2a076471c6c4b72b574a977334d3e05/cd7bb6a9-f1cf-4f8d-9275-0f919de56a07,齐奇,2,1/2/0,5,427,12787,5112,"{""全队总伤害血量"": 12787, ""全队机器人总剩余血量"": 5112, ""总净胜胜利点"": 427, ""排名"": 2, ""积分"": 5, ""胜/平/负"": ""1/2/0""}"
2026,2026RMUL,RMUL,583,山东站,A组,3,天津大学,https://pro-robomasters-hz-n5i3.oss-cn-hangzhou.aliyuncs.com/teams/1525667950468-logo_blue_800x800.png,北洋机甲,3,1/1/1,4,239,8407,4242,"{""全队总伤害血量"": 8407, ""全队机器人总剩余血量"": 4242, ""总净胜胜利点"": 239, ""排名"": 3, ""积分"": 4, ""胜/平/负"": ""1/1/1""}"
2026,2026RMUL,RMUL,583,山东站,A组,4,北京石油化工学院,https://terra-cn-oss-cdn-public-pro.oss-cn-hangzhou.aliyuncs.com/b2a076471c6c4b72b574a977334d3e05/208741ec-7e96-41fd-98af-ceab9c6e5a85,Unicorn行空,4,0/0/3,0,-1121,2468,2778,"{""全队总伤害血量"": 2468, ""全队机器人总剩余血量"": 2778, ""总净胜胜利点"": -1121, ""排名"": 4, ""积分"": 0, ""胜/平/负"": ""0/0/3""}"
2026,2026RMUL,RMUL,583,山东站,B组,1,太原理工大学,https://terra-cn-oss-cdn-public-pro.oss-cn-hangzhou.aliyuncs.com/b2a076471c6c4b72b574a977334d3e05/bcceed5a-13b9-4a19-8236-56b2bb40b58b,TRoMaC,1,2/0/0,6,780,10324,3422,"{""全队总伤害血量"": 10324, ""全队机器人总剩余血量"": 3422, ""总净胜胜利点"": 780, ""排名"": 1, ""积分"": 6, ""胜/平/负"": ""2/0/0""}"
2026,2026RMUL,RMUL,583,山东站,B组,2,北京化工大学,https://terra-cn-oss-cdn-public-pro.oss-cn-hangzhou.aliyuncs.com/b2a076471c6c4b72b574a977334d3e05/fb24434a-41ab-40c0-bfef-15d977f1eb93,百花机甲,2,1/0/1,3,20,980,3358,"{""全队总伤害血量"": 980, ""全队机器人总剩余血量"": 3358, ""总净胜胜利点"": 20, ""排名"": 2, ""积分"": 3, ""胜/平/负"": ""1/0/1""}"
2026,2026RMUL,RMUL,583,山东站,B组,3,北京农学院,https://terra-cn-oss-cdn-public-pro.oss-cn-hangzhou.aliyuncs.com/b2a076471c6c4b72b574a977334d3e05/a4cd5c1c-e9ef-4f0d-9304-415cf9833ec4,银杏,3,0/0/2,0,-800,340,3444,"{""全队总伤害血量"": 340, ""全队机器人总剩余血量"": 3444, ""总净胜胜利点"": -800, ""排名"": 3, ""积分"": 0, ""胜/平/负"": ""0/0/2""}"
2026,2026RMUL,RMUL,583,山东站,C组,1,中国石油大学（华东）,https://terra-cn-oss-cdn-public-pro.oss-cn-hangzhou.aliyuncs.com/b2a076471c6c4b72b574a977334d3e05/ca37313c-d7ce-4887-a872-fe558d3e39bd,RPS,1,3/0/0,9,916,18532,4468,"{""全队总伤害血量"": 18532, ""全队机器人总剩余血量"": 4468, ""总净胜胜利点"": 916, ""排名"": 1, ""积分"": 9, ""胜/平/负"": ""3/0/0""}"
2026,2026RMUL,RMUL,583,山东站,C组,2,北京交通大学,https://terra-cn-oss-cdn-public-pro.oss-cn-hangzhou.aliyuncs.com/b2a076471c6c4b72b574a977334d3e05/285c3dae-5e10-4af0-9142-9d2e5562c617,BNGU,2,1/1/1,4,-68,8317,4698,"{""全队总伤害血量"": 8317, ""全队机器人总剩余血量"": 4698, ""总净胜胜利点"": -68, ""排名"": 2, ""积分"": 4, ""胜/平/负"": ""1/1/1""}"
2026,2026RMUL,RMUL,583,山东站,C组,3,郑州升达经贸管理学院,https://terra-cn-oss-cdn-public-pro.oss-cn-hangzhou.aliyuncs.com/b2a076471c6c4b72b574a977334d3e05/9229bd21-2e83-4594-95b3-2888a8ba7417,EW,3,1/0/2,3,-245,7034,5016,"{""全队总伤害血量"": 7034, ""全队机器人总剩余血量"": 5016, ""总净胜胜利点"": -245, ""排名"": 3, ""积分"": 3, ""胜/平/负"": ""1/0/2""}"
2026,2026RMUL,RMUL,583,山东站,C组,4,燕山大学,https://pro-robomasters-hz-n5i3.oss-cn-hangzhou.aliyuncs.com/teams/1525676163698-logo_blue_800x800.png,燕鹰,4,0/1/2,1,-603,6579,2632,"{""全队总伤害血量"": 6579, ""全队机器人总剩余血量"": 2632, ""总净胜胜利点"": -603, ""排名"": 4, ""积分"": 1, ""胜/平/负"": ""0/1/2""}"
2026,2026RMUL,RMUL,583,山东站,D组,1,石家庄铁道大学,https://terra-cn-oss-cdn-public-pro.oss-cn-hangzhou.aliyuncs.com/b2a076471c6c4b72b574a977334d3e05/9765d5e2-0062-4e6d-a04b-f10be38645f8,铁道兵,1,2/0/0,6,623,6190,3204,"{""全队总伤害血量"": 6190, ""全队机器人总剩余血量"": 3204, ""总净胜胜利点"": 623, ""排名"": 1, ""积分"": 6, ""胜/平/负"": ""2/0/0""}"
2026,2026RMUL,RMUL,583,山东站,D组,2,山东科技大学,https://pro-robomasters-hz-n5i3.oss-cn-hangzhou.aliyuncs.com/teams/1525675697079-logo_blue_800x800.png,SmartRobot,2,0/1/1,1,-285,4813,1684,"{""全队总伤害血量"": 4813, ""全队机器人总剩余血量"": 1684, ""总净胜胜利点"": -285, ""排名"": 2, ""积分"": 1, ""胜/平/负"": ""0/1/1""}"
2026,2026RMUL,RMUL,583,山东站,D组,3,青岛理工大学,https://terra-cn-oss-cdn-public-pro.oss-cn-hangzhou.aliyuncs.com/b2a076471c6c4b72b574a977334d3e05/e1cd5c73-6b02-4f96-9fc7-9afc627af87d,move,3,0/1/1,1,-338,4633,1988,"{""全队总伤害血量"": 4633, ""全队机器人总剩余血量"": 1988, ""总净胜胜利点"": -338, ""排名"": 3, ""积分"": 1, ""胜/平/负"": ""0/1/1""}"
2026,2026RMUL,RMUL,583,山东站,E组,1,北京理工大学,https://pro-robomasters-hz-n5i3.oss-cn-hangzhou.aliyuncs.com/teams/1525667569344-logo_green_800x800.png,追梦,1,3/0/0,9,1100,15716,5290,"{""全队总伤害血量"": 15716, ""全队机器人总剩余血量"": 5290, ""总净胜胜利点"": 1100, ""排名"": 1, ""积分"": 9, ""胜/平/负"": ""3/0/0""}"
2026,2026RMUL,RMUL,583,山东站,E组,2,河北工业职业技术大学,https://hz-rm-bbs-web-prod.oss-cn-hangzhou.aliyuncs.com/d99bbb0ed06c49fe92d8551ae7373e8d1762164294671/校徽.png,FEver,2,2/0/1,6,342,6082,3216,"{""全队总伤害血量"": 6082, ""全队机器人总剩余血量"": 3216, ""总净胜胜利点"": 342, ""排名"": 2, ""积分"": 6, ""胜/平/负"": ""2/0/1""}"
2026,2026RMUL,RMUL,583,山东站,E组,3,济南大学,https://terra-cn-oss-cdn-public-pro.oss-cn-hangzhou.aliyuncs.com/b2a076471c6c4b72b574a977334d3e05/5e404047-51d1-4a48-a498-487f50cca044,TFT,3,1/0/2,3,-266,2195,4728,"{""全队总伤害血量"": 2195, ""全队机器人总剩余血量"": 4728, ""总净胜胜利点"": -266, ""排名"": 3, ""积分"": 3, ""胜/平/负"": ""1/0/2""}"
2026,2026RMUL,RMUL,583,山东站,E组,4,枣庄学院,https://terra-cn-oss-cdn-public-pro.oss-cn-hangzhou.aliyuncs.com/b2a076471c6c4b72b574a977334d3e05/2161258c-ebdd-4864-aeb9-7df838f7cde5,Summit,4,0/0/3,0,-1176,1360,3546,"{""全队总伤害血量"": 1360, ""全队机器人总剩余血量"": 3546, ""总净胜胜利点"": -1176, ""排名"": 4, ""积分"": 0, ""胜/平/负"": ""0/0/3""}"
2026,2026RMUL,RMUL,583,山东站,F组,1,哈尔滨工业大学（威海）,https://terra-cn-oss-cdn-public-pro.oss-cn-hangzhou.aliyuncs.com/b2a076471c6c4b72b574a977334d3e05/496f97c0-f329-4457-ae1e-1476c467ff94,HERO,1,1/1/0,4,415,11536,3204,"{""全队总伤害血量"": 11536, ""全队机器人总剩余血量"": 3204, ""总净胜胜利点"": 415, ""排名"": 1, ""积分"": 4, ""胜/平/负"": ""1/1/0""}"
2026,2026RMUL,RMUL,583,山东站,F组,2,齐鲁工业大学,https://terra-cn-oss-cdn-public-pro.oss-cn-hangzhou.aliyuncs.com/b2a076471c6c4b72b574a977334d3e05/4c4f28ef-93a7-4df1-ada4-5c0ad826f07d,Adam,2,1/1/0,4,342,6168,2670,"{""全队总伤害血量"": 6168, ""全队机器人总剩余血量"": 2670, ""总净胜胜利点"": 342, ""排名"": 2, ""积分"": 4, ""胜/平/负"": ""1/1/0""}"
2026,2026RMUL,RMUL,583,山东站,F组,3,青岛科技大学,https://terra-cn-oss-cdn-public-pro.oss-cn-hangzhou.aliyuncs.com/b2a076471c6c4b72b574a977334d3e05/ee75e3ad-568b-4bcd-9d37-b5c999b9aa53,YKTKEMIAO,3,0/0/2,0,-757,2221,1180,"{""全队总伤害血量"": 2221, ""全队机器人总剩余血量"": 1180, ""总净胜胜利点"": -757, ""排名"": 3, ""积分"": 0, ""胜/平/负"": ""0/0/2""}"
2026,2026RMUL,RMUL,583,山东站,G组,1,沈阳建筑大学,https://pro-robomasters-hz-n5i3.oss-cn-hangzhou.aliyuncs.com/teams/1525678622339-logo_blue_800x800.png,简锋,1,3/0/0,9,769,11411,4712,"{""全队总伤害血量"": 11411, ""全队机器人总剩余血量"": 4712, ""总净胜胜利点"": 769, ""排名"": 1, ""积分"": 9, ""胜/平/负"": ""3/0/0""}"
2026,2026RMUL,RMUL,583,山东站,G组,2,首都师范大学,https://terra-cn-oss-cdn-public-pro.oss-cn-hangzhou.aliyuncs.com/b2a076471c6c4b72b574a977334d3e05/a061e111-f402-4e01-884e-0b5c95f7ab5e,PIE,2,2/0/1,6,418,8122,3754,"{""全队总伤害血量"": 8122, ""全队机器人总剩余血量"": 3754, ""总净胜胜利点"": 418, ""排名"": 2, ""积分"": 6, ""胜/平/负"": ""2/0/1""}"
2026,2026RMUL,RMUL,583,山东站,G组,3,青岛大学,https://terra-cn-oss-cdn-public-pro.oss-cn-hangzhou.aliyuncs.com/b2a076471c6c4b72b574a977334d3e05/a5fece37-9a43-40a6-89a7-154a35a20ffb,未来,3,1/0/2,3,1,10134,4622,"{""全队总伤害血量"": 10134, ""全队机器人总剩余血量"": 4622, ""总净胜胜利点"": 1, ""排名"": 3, ""积分"": 3, ""胜/平/负"": ""1/0/2""}"
2026,2026RMUL,RMUL,583,山东站,G组,4,山东华宇工学院,https://terra-cn-oss-cdn-public-pro.oss-cn-hangzhou.aliyuncs.com/b2a076471c6c4b72b574a977334d3e05/e0ea1676-70cd-4f80-ad79-27a9e8e5a950,preserve,4,0/0/3,0,-1188,480,3648,"{""全队总伤害血量"": 480, ""全队机器人总剩余血量"": 3648, ""总净胜胜利点"": -1188, ""排名"": 4, ""积分"": 0, ""胜/平/负"": ""0/0/3""}"
2026,2026RMUL,RMUL,583,山东站,H组,1,北京科技大学,https://pro-robomasters-hz-n5i3.oss-cn-hangzhou.aliyuncs.com/teams/1525666158923-logo_blue_800x800.png,Reborn,1,1/1/0,4,572,6173,4258,"{""全队总伤害血量"": 6173, ""全队机器人总剩余血量"": 4258, ""总净胜胜利点"": 572, ""排名"": 1, ""积分"": 4, ""胜/平/负"": ""1/1/0""}"
2026,2026RMUL,RMUL,583,山东站,H组,2,济宁学院,https://hz-rm-bbs-web-prod.oss-cn-hangzhou.aliyuncs.com/926b9c2a260240ed92c26a4f1403330c1762429074499/jnxy(last).png,凌云,2,1/1/0,4,215,5617,1740,"{""全队总伤害血量"": 5617, ""全队机器人总剩余血量"": 1740, ""总净胜胜利点"": 215, ""排名"": 2, ""积分"": 4, ""胜/平/负"": ""1/1/0""}"
2026,2026RMUL,RMUL,583,山东站,H组,3,山东石油化工学院,https://terra-cn-oss-cdn-public-pro.oss-cn-hangzhou.aliyuncs.com/b2a076471c6c4b72b574a977334d3e05/c46c9bae-36e5-43f4-86ac-0fba54fca3ea,FR,3,0/0/2,0,-787,480,1848,"{""全队总伤害血量"": 480, ""全队机器人总剩余血量"": 1848, ""总净胜胜利点"": -787, ""排名"": 3, ""积分"": 0, ""胜/平/负"": ""0/0/2""}"
2026,2026RMUL,RMUL,584,重庆站,A组,1,西北工业大学,https://pro-robomasters-hz-n5i3.oss-cn-hangzhou.aliyuncs.com/teams/1525674854703-logo_blue_800x800.png,WMJ,1,3/0/0,9,1078,10464,5664,"{""全队总伤害血量"": 10464, ""全队机器人总剩余血量"": 5664, ""总净胜胜利点"": 1078, ""排名"": 1, ""积分"": 9, ""胜/平/负"": ""3/0/0""}"
2026,2026RMUL,RMUL,584,重庆站,A组,2,广西大学,https://terra-cn-oss-cdn-public-pro.oss-cn-hangzhou.aliyuncs.com/b2a076471c6c4b72b574a977334d3e05/0e0ea8db-28cd-444e-a013-bc0dcc2c0ea8,ROBOTZ,2,1/1/1,4,-77,6159,4279,"{""全队总伤害血量"": 6159, ""全队机器人总剩余血量"": 4279, ""总净胜胜利点"": -77, ""排名"": 2, ""积分"": 4, ""胜/平/负"": ""1/1/1""}"
2026,2026RMUL,RMUL,584,重庆站,A组,3,重庆理工大学,https://pro-robomasters-hz-n5i3.oss-cn-hangzhou.aliyuncs.com/teams/1525679268288-logo_blue_800x800.png,士继DREAMER,3,1/0/2,3,-279,5134,3299,"{""全队总伤害血量"": 5134, ""全队机器人总剩余血量"": 3299, ""总净胜胜利点"": -279, ""排名"": 3, ""积分"": 3, ""胜/平/负"": ""1/0/2""}"
2026,2026RMUL,RMUL,584,重庆站,A组,4,茅台学院,https://terra-cn-oss-cdn-public-pro.oss-cn-hangzhou.aliyuncs.com/b2a076471c6c4b72b574a977334d3e05/6a25b35b-4f18-4008-b2da-bf50b5000e32,MTI,4,0/1/2,1,-722,5724,3696,"{""全队总伤害血量"": 5724, ""全队机器人总剩余血量"": 3696, ""总净胜胜利点"": -722, ""排名"": 4, ""积分"": 1, ""胜/平/负"": ""0/1/2""}"
2026,2026RMUL,RMUL,584,重庆站,B组,1,国防科技大学,https://terra-cn-oss-cdn-public-pro.oss-cn-hangzhou.aliyuncs.com/b2a076471c6c4b72b574a977334d3e05/b25088a6-06fd-41a3-883f-bfbf29e7383f,军临,1,3/0/0,9,1182,9358,5250,"{""全队总伤害血量"": 9358, ""全队机器人总剩余血量"": 5250, ""总净胜胜利点"": 1182, ""排名"": 1, ""积分"": 9, ""胜/平/负"": ""3/0/0""}"
2026,2026RMUL,RMUL,584,重庆站,B组,2,长沙理工大学,https://terra-cn-oss-cdn-public-pro.oss-cn-hangzhou.aliyuncs.com/b2a076471c6c4b72b574a977334d3e05/956efdbf-ed6c-4af2-ab13-6099e522ada6,云嵌,2,2/0/1,6,267,6092,3612,"{""全队总伤害血量"": 6092, ""全队机器人总剩余血量"": 3612, ""总净胜胜利点"": 267, ""排名"": 2, ""积分"": 6, ""胜/平/负"": ""2/0/1""}"
2026,2026RMUL,RMUL,584,重庆站,B组,3,长江大学,https://terra-cn-oss-cdn-public-pro.oss-cn-hangzhou.aliyuncs.com/b2a076471c6c4b72b574a977334d3e05/59d847ef-e404-46be-a416-9523cdb1e8b8,探索者,3,0/1/2,1,-723,5340,3954,"{""全队总伤害血量"": 5340, ""全队机器人总剩余血量"": 3954, ""总净胜胜利点"": -723, ""排名"": 3, ""积分"": 1, ""胜/平/负"": ""0/1/2""}"
2026,2026RMUL,RMUL,584,重庆站,B组,4,重庆邮电大学,https://terra-cn-oss-cdn-public-pro.oss-cn-hangzhou.aliyuncs.com/b2a076471c6c4b72b574a977334d3e05/29a37ebb-1afa-4717-ad56-1c879070c60a,重山,4,0/1/2,1,-726,3098,3226,"{""全队总伤害血量"": 3098, ""全队机器人总剩余血量"": 3226, ""总净胜胜利点"": -726, ""排名"": 4, ""积分"": 1, ""胜/平/负"": ""0/1/2""}"
2026,2026RMUL,RMUL,584,重庆站,C组,1,重庆大学,https://pro-robomasters-hz-n5i3.oss-cn-hangzhou.aliyuncs.com/teams/1525667252663-logo_blue_800x800.png,千里,1,3/0/0,9,1064,6108,6216,"{""全队总伤害血量"": 6108, ""全队机器人总剩余血量"": 6216, ""总净胜胜利点"": 1064, ""排名"": 1, ""积分"": 9, ""胜/平/负"": ""3/0/0""}"
2026,2026RMUL,RMUL,584,重庆站,C组,2,重庆第二师范学院,https://terra-cn-oss-cdn-public-pro.oss-cn-hangzhou.aliyuncs.com/b2a076471c6c4b72b574a977334d3e05/00552f72-6439-41fe-ac7c-2a60034907c7,扶光,2,2/0/1,6,321,4413,4014,"{""全队总伤害血量"": 4413, ""全队机器人总剩余血量"": 4014, ""总净胜胜利点"": 321, ""排名"": 2, ""积分"": 6, ""胜/平/负"": ""2/0/1""}"
2026,2026RMUL,RMUL,584,重庆站,C组,3,南华大学,https://terra-cn-oss-cdn-public-pro.oss-cn-hangzhou.aliyuncs.com/b2a076471c6c4b72b574a977334d3e05/3a47924a-603f-4784-a891-9d35a89b2f72,MA,3,1/0/2,3,-212,5771,4246,"{""全队总伤害血量"": 5771, ""全队机器人总剩余血量"": 4246, ""总净胜胜利点"": -212, ""排名"": 3, ""积分"": 3, ""胜/平/负"": ""1/0/2""}"
2026,2026RMUL,RMUL,584,重庆站,C组,4,联勤保障部队工程大学,https://rm-static.djicdn.com/games-backend/7c7e25cd-42c7-4419-bbbb-68743f068f6b,陆擎,4,0/0/3,0,-1173,711,5138,"{""全队总伤害血量"": 711, ""全队机器人总剩余血量"": 5138, ""总净胜胜利点"": -1173, ""排名"": 4, ""积分"": 0, ""胜/平/负"": ""0/0/3""}"
2026,2026RMUL,RMUL,584,重庆站,D组,1,长安大学,https://pro-robomasters-hz-n5i3.oss-cn-hangzhou.aliyuncs.com/teams/1525678187820-logo_bule_800x800.png,VGD,1,1/2/0,5,-211,10297,3264,"{""全队总伤害血量"": 10297, ""全队机器人总剩余血量"": 3264, ""总净胜胜利点"": -211, ""排名"": 1, ""积分"": 5, ""胜/平/负"": ""1/2/0""}"
2026,2026RMUL,RMUL,584,重庆站,D组,2,火箭军工程大学,https://terra-cn-oss-cdn-public-pro.oss-cn-hangzhou.aliyuncs.com/b2a076471c6c4b72b574a977334d3e05/4cc64673-2815-4f52-aeb1-385a7b9d90f6,东风,2,1/1/1,4,461,12473,4476,"{""全队总伤害血量"": 12473, ""全队机器人总剩余血量"": 4476, ""总净胜胜利点"": 461, ""排名"": 2, ""积分"": 4, ""胜/平/负"": ""1/1/1""}"
2026,2026RMUL,RMUL,584,重庆站,D组,3,重庆三峡学院,https://rm-static.djicdn.com/games-backend/866d186e-2c2c-440b-a549-1c9614fba738,LionHeart,3,1/1/1,4,57,8730,3977,"{""全队总伤害血量"": 8730, ""全队机器人总剩余血量"": 3977, ""总净胜胜利点"": 57, ""排名"": 3, ""积分"": 4, ""胜/平/负"": ""1/1/1""}"
2026,2026RMUL,RMUL,584,重庆站,D组,4,西安理工大学,https://hz-rm-bbs-web-prod.oss-cn-hangzhou.aliyuncs.com/0fe900715ae343dcba289b2239d013501761740067079/校徽800x800.png,NEXT E,4,0/2/1,2,-307,7075,3107,"{""全队总伤害血量"": 7075, ""全队机器人总剩余血量"": 3107, ""总净胜胜利点"": -307, ""排名"": 4, ""积分"": 2, ""胜/平/负"": ""0/2/1""}"
2026,2026RMUL,RMUL,584,重庆站,E组,1,西安电子科技大学,https://pro-robomasters-hz-n5i3.oss-cn-hangzhou.aliyuncs.com/teams/1525676832533-logo_red_800x800.png,IRobot,1,3/0/0,9,1020,12382,5200,"{""全队总伤害血量"": 12382, ""全队机器人总剩余血量"": 5200, ""总净胜胜利点"": 1020, ""排名"": 1, ""积分"": 9, ""胜/平/负"": ""3/0/0""}"
2026,2026RMUL,RMUL,584,重庆站,E组,2,湖南工学院,https://terra-cn-oss-cdn-public-pro.oss-cn-hangzhou.aliyuncs.com/b2a076471c6c4b72b574a977334d3e05/f9940d74-0292-4db8-b6a3-e6c130c49ae6,Seeker,2,2/0/1,6,421,8840,4950,"{""全队总伤害血量"": 8840, ""全队机器人总剩余血量"": 4950, ""总净胜胜利点"": 421, ""排名"": 2, ""积分"": 6, ""胜/平/负"": ""2/0/1""}"
2026,2026RMUL,RMUL,584,重庆站,E组,3,宜宾学院,https://terra-cn-oss-cdn-public-pro.oss-cn-hangzhou.aliyuncs.com/b2a076471c6c4b72b574a977334d3e05/158f1a5b-5420-4291-80fa-63d62cc50296,宜宾火燃面,3,1/0/2,3,-305,1748,4107,"{""全队总伤害血量"": 1748, ""全队机器人总剩余血量"": 4107, ""总净胜胜利点"": -305, ""排名"": 3, ""积分"": 3, ""胜/平/负"": ""1/0/2""}"
2026,2026RMUL,RMUL,584,重庆站,E组,4,重庆交通大学,https://terra-cn-oss-cdn-public-pro.oss-cn-hangzhou.aliyuncs.com/b2a076471c6c4b72b574a977334d3e05/dd7bf1bc-8b27-4c3f-a113-7d41ff23d953,RoadBot,4,0/0/3,0,-1136,1387,3720,"{""全队总伤害血量"": 1387, ""全队机器人总剩余血量"": 3720, ""总净胜胜利点"": -1136, ""排名"": 4, ""积分"": 0, ""胜/平/负"": ""0/0/3""}"
2026,2026RMUL,RMUL,584,重庆站,F组,1,西安交通大学,https://pro-robomasters-hz-n5i3.oss-cn-hangzhou.aliyuncs.com/teams/1525666415627-logo_red_800x800.png,笃行,1,3/0/0,9,1130,33354,5526,"{""全队总伤害血量"": 33354, ""全队机器人总剩余血量"": 5526, ""总净胜胜利点"": 1130, ""排名"": 1, ""积分"": 9, ""胜/平/负"": ""3/0/0""}"
2026,2026RMUL,RMUL,584,重庆站,F组,2,西南石油大学南充校区,https://hz-rm-bbs-web-prod.oss-cn-hangzhou.aliyuncs.com/f3d6712226214e679c1ba793ac4694621761814062677/未标题-1.png,泓龙,2,2/0/1,6,393,11124,4959,"{""全队总伤害血量"": 11124, ""全队机器人总剩余血量"": 4959, ""总净胜胜利点"": 393, ""排名"": 2, ""积分"": 6, ""胜/平/负"": ""2/0/1""}"
2026,2026RMUL,RMUL,584,重庆站,F组,3,北部湾大学,https://terra-cn-oss-cdn-public-pro.oss-cn-hangzhou.aliyuncs.com/b2a076471c6c4b72b574a977334d3e05/74e90e27-919b-44ce-8851-b7efb84211e5,飞虎,3,0/1/2,1,-684,3367,3845,"{""全队总伤害血量"": 3367, ""全队机器人总剩余血量"": 3845, ""总净胜胜利点"": -684, ""排名"": 3, ""积分"": 1, ""胜/平/负"": ""0/1/2""}"
2026,2026RMUL,RMUL,584,重庆站,F组,4,湘潭大学,https://terra-cn-oss-cdn-public-pro.oss-cn-hangzhou.aliyuncs.com/b2a076471c6c4b72b574a977334d3e05/6ee9d64c-9844-47d0-bfa7-4e428fc6d025,逐曦,4,0/1/2,1,-839,4202,4336,"{""全队总伤害血量"": 4202, ""全队机器人总剩余血量"": 4336, ""总净胜胜利点"": -839, ""排名"": 4, ""积分"": 1, ""胜/平/负"": ""0/1/2""}"
2026,2026RMUL,RMUL,584,重庆站,G组,1,西南大学,https://terra-cn-oss-cdn-public-pro.oss-cn-hangzhou.aliyuncs.com/b2a076471c6c4b72b574a977334d3e05/55379741-dbe7-467a-b11d-ec6364320248,GKD,1,3/0/0,9,991,14096,4611,"{""全队总伤害血量"": 14096, ""全队机器人总剩余血量"": 4611, ""总净胜胜利点"": 991, ""排名"": 1, ""积分"": 9, ""胜/平/负"": ""3/0/0""}"
2026,2026RMUL,RMUL,584,重庆站,G组,2,桂林信息科技学院,https://terra-cn-oss-cdn-public-pro.oss-cn-hangzhou.aliyuncs.com/b2a076471c6c4b72b574a977334d3e05/d3dc9ad2-09a2-4a2a-b9cd-8ceee5baa400,GIRT,2,1/1/1,4,54,10901,2862,"{""全队总伤害血量"": 10901, ""全队机器人总剩余血量"": 2862, ""总净胜胜利点"": 54, ""排名"": 2, ""积分"": 4, ""胜/平/负"": ""1/1/1""}"
2026,2026RMUL,RMUL,584,重庆站,G组,3,湖南科技大学,https://terra-cn-oss-cdn-public-pro.oss-cn-hangzhou.aliyuncs.com/b2a076471c6c4b72b574a977334d3e05/c84fe036-c583-4333-a18b-139d26f0a4ba,尘埃,3,1/0/2,3,-359,8141,3370,"{""全队总伤害血量"": 8141, ""全队机器人总剩余血量"": 3370, ""总净胜胜利点"": -359, ""排名"": 3, ""积分"": 3, ""胜/平/负"": ""1/0/2""}"
2026,2026RMUL,RMUL,584,重庆站,G组,4,新加坡国立大学,https://rm-static.djicdn.com/games-backend/f33ce866-f11f-4a8c-8479-90100f3764fb,Calibur,4,0/1/2,1,-686,7800,3015,"{""全队总伤害血量"": 7800, ""全队机器人总剩余血量"": 3015, ""总净胜胜利点"": -686, ""排名"": 4, ""积分"": 1, ""胜/平/负"": ""0/1/2""}"
2026,2026RMUL,RMUL,584,重庆站,H组,1,桂林电子科技大学,https://pro-robomasters-hz-n5i3.oss-cn-hangzhou.aliyuncs.com/teams/1525673879563-logo_blue_800x800.png,Evolution,1,3/0/0,9,1108,15208,5810,"{""全队总伤害血量"": 15208, ""全队机器人总剩余血量"": 5810, ""总净胜胜利点"": 1108, ""排名"": 1, ""积分"": 9, ""胜/平/负"": ""3/0/0""}"
2026,2026RMUL,RMUL,584,重庆站,H组,2,桂林电子科技大学北海校区,https://terra-cn-oss-cdn-public-pro.oss-cn-hangzhou.aliyuncs.com/b2a076471c6c4b72b574a977334d3e05/27b1115d-8e7d-4195-a1b4-faafffefb68f,破浪笃行,2,1/1/1,4,143,5051,4456,"{""全队总伤害血量"": 5051, ""全队机器人总剩余血量"": 4456, ""总净胜胜利点"": 143, ""排名"": 2, ""积分"": 4, ""胜/平/负"": ""1/1/1""}"
2026,2026RMUL,RMUL,584,重庆站,H组,3,吉利学院,https://terra-cn-oss-cdn-public-pro.oss-cn-hangzhou.aliyuncs.com/b2a076471c6c4b72b574a977334d3e05/42fb6ab4-714f-42db-abdd-7575278096a9,吉风羽跃,3,1/0/2,3,-719,8329,4672,"{""全队总伤害血量"": 8329, ""全队机器人总剩余血量"": 4672, ""总净胜胜利点"": -719, ""排名"": 3, ""积分"": 3, ""胜/平/负"": ""1/0/2""}"
2026,2026RMUL,RMUL,584,重庆站,H组,4,贵州大学,https://terra-cn-oss-cdn-public-pro.oss-cn-hangzhou.aliyuncs.com/b2a076471c6c4b72b574a977334d3e05/0c07e0a0-3aac-44df-9f4f-1091cf266093,printk,4,0/1/2,1,-532,7219,3498,"{""全队总伤害血量"": 7219, ""全队机器人总剩余血量"": 3498, ""总净胜胜利点"": -532, ""排名"": 4, ""积分"": 1, ""胜/平/负"": ""0/1/2""}"
2026,2026RMUL,RMUL,585,东北站,A组,1,北方工业大学,https://pro-robomasters-hz-n5i3.oss-cn-hangzhou.aliyuncs.com/teams/1525674177547-logo_purple_800x800.png,DreamTeam,1,3/0/0,9,1109,8668,5564,"{""全队总伤害血量"": 8668, ""全队机器人总剩余血量"": 5564, ""总净胜胜利点"": 1109, ""排名"": 1, ""积分"": 9, ""胜/平/负"": ""3/0/0""}"
2026,2026RMUL,RMUL,585,东北站,A组,2,沈阳航空航天大学,https://pro-robomasters-hz-n5i3.oss-cn-hangzhou.aliyuncs.com/teams/1525668135842-logo_blue_800x800.png,TUP,2,2/0/1,6,227,11630,4738,"{""全队总伤害血量"": 11630, ""全队机器人总剩余血量"": 4738, ""总净胜胜利点"": 227, ""排名"": 2, ""积分"": 6, ""胜/平/负"": ""2/0/1""}"
2026,2026RMUL,RMUL,585,东北站,A组,3,长春理工大学,https://terra-cn-oss-cdn-public-pro.oss-cn-hangzhou.aliyuncs.com/b2a076471c6c4b72b574a977334d3e05/1585b779-bd0e-4035-8b8c-2bdd2e4fea37,CVIR,3,1/0/2,3,-522,8472,4692,"{""全队总伤害血量"": 8472, ""全队机器人总剩余血量"": 4692, ""总净胜胜利点"": -522, ""排名"": 3, ""积分"": 3, ""胜/平/负"": ""1/0/2""}"
2026,2026RMUL,RMUL,585,东北站,A组,4,北京邮电大学,https://terra-cn-oss-cdn-public-pro.oss-cn-hangzhou.aliyuncs.com/b2a076471c6c4b72b574a977334d3e05/7ebc0748-d36b-4872-a789-c5d80274d972,逐雁,4,0/0/3,0,-814,6590,3294,"{""全队总伤害血量"": 6590, ""全队机器人总剩余血量"": 3294, ""总净胜胜利点"": -814, ""排名"": 4, ""积分"": 0, ""胜/平/负"": ""0/0/3""}"
2026,2026RMUL,RMUL,585,东北站,B组,1,东北大学,https://pro-robomasters-hz-n5i3.oss-cn-hangzhou.aliyuncs.com/teams/1525667139708-logo_blue_800x800.png,TDT,1,3/0/0,9,1180,6490,5788,"{""全队总伤害血量"": 6490, ""全队机器人总剩余血量"": 5788, ""总净胜胜利点"": 1180, ""排名"": 1, ""积分"": 9, ""胜/平/负"": ""3/0/0""}"
2026,2026RMUL,RMUL,585,东北站,B组,2,华北理工大学,https://terra-cn-oss-cdn-public-pro.oss-cn-hangzhou.aliyuncs.com/b2a076471c6c4b72b574a977334d3e05/7a0fb2ce-087f-40e5-b070-e433393e1420,Horizon,2,2/0/1,6,377,7315,5910,"{""全队总伤害血量"": 7315, ""全队机器人总剩余血量"": 5910, ""总净胜胜利点"": 377, ""排名"": 2, ""积分"": 6, ""胜/平/负"": ""2/0/1""}"
2026,2026RMUL,RMUL,585,东北站,B组,3,东北农业大学,https://hz-rm-bbs-web-prod.oss-cn-hangzhou.aliyuncs.com/d75e8d8b16e84024af7af3d638876db91761793611858/NEAU校徽.png,TCP,3,1/0/2,3,-476,1830,4961,"{""全队总伤害血量"": 1830, ""全队机器人总剩余血量"": 4961, ""总净胜胜利点"": -476, ""排名"": 3, ""积分"": 3, ""胜/平/负"": ""1/0/2""}"
2026,2026RMUL,RMUL,585,东北站,B组,4,天津理工大学,https://pro-robomasters-hz-n5i3.oss-cn-hangzhou.aliyuncs.com/teams/1525675996205-logo_blue_800x800.png,Nirvana,4,0/0/3,0,-1081,1503,3844,"{""全队总伤害血量"": 1503, ""全队机器人总剩余血量"": 3844, ""总净胜胜利点"": -1081, ""排名"": 4, ""积分"": 0, ""胜/平/负"": ""0/0/3""}"
2026,2026RMUL,RMUL,585,东北站,C组,1,吉林大学,https://terra-cn-oss-cdn-public-pro.oss-cn-hangzhou.aliyuncs.com/b2a076471c6c4b72b574a977334d3e05/422493a0-1f3c-4f00-8c95-7ad1f9e1df2c,TARS Go,1,3/0/0,9,1126,8697,5072,"{""全队总伤害血量"": 8697, ""全队机器人总剩余血量"": 5072, ""总净胜胜利点"": 1126, ""排名"": 1, ""积分"": 9, ""胜/平/负"": ""3/0/0""}"
2026,2026RMUL,RMUL,585,东北站,C组,2,沈阳工业大学,https://pro-robomasters-hz-n5i3.oss-cn-hangzhou.aliyuncs.com/teams/1525679527619-logo_blue_800x800.png,DTS,2,2/0/1,6,315,11158,4814,"{""全队总伤害血量"": 11158, ""全队机器人总剩余血量"": 4814, ""总净胜胜利点"": 315, ""排名"": 2, ""积分"": 6, ""胜/平/负"": ""2/0/1""}"
2026,2026RMUL,RMUL,585,东北站,C组,3,黑龙江大学,https://pro-robomasters-hz-n5i3.oss-cn-hangzhou.aliyuncs.com/teams/1525675840215-logo_balck_800x800.png,Simba,3,1/0/2,3,-332,4522,2486,"{""全队总伤害血量"": 4522, ""全队机器人总剩余血量"": 2486, ""总净胜胜利点"": -332, ""排名"": 3, ""积分"": 3, ""胜/平/负"": ""1/0/2""}"
2026,2026RMUL,RMUL,585,东北站,C组,4,海军大连舰艇学院,https://terra-cn-oss-cdn-public-pro.oss-cn-hangzhou.aliyuncs.com/b2a076471c6c4b72b574a977334d3e05/9b3ccada-a85c-4724-bceb-82b1ca4e3192,深蓝奇冀UM,4,0/0/3,0,-1109,1660,3642,"{""全队总伤害血量"": 1660, ""全队机器人总剩余血量"": 3642, ""总净胜胜利点"": -1109, ""排名"": 4, ""积分"": 0, ""胜/平/负"": ""0/0/3""}"
2026,2026RMUL,RMUL,585,东北站,D组,1,太原工业学院,https://terra-cn-oss-cdn-public-pro.oss-cn-hangzhou.aliyuncs.com/b2a076471c6c4b72b574a977334d3e05/c7de86e0-a829-4d6d-9329-3228f57ded92,火线,1,1/2/0,5,544,11848,4256,"{""全队总伤害血量"": 11848, ""全队机器人总剩余血量"": 4256, ""总净胜胜利点"": 544, ""排名"": 1, ""积分"": 5, ""胜/平/负"": ""1/2/0""}"
2026,2026RMUL,RMUL,585,东北站,D组,2,辽宁石油化工大学,https://terra-cn-oss-cdn-public-pro.oss-cn-hangzhou.aliyuncs.com/b2a076471c6c4b72b574a977334d3e05/6de48f3a-920f-458f-aa27-2ea7eff466c1,TCN,2,1/2/0,5,394,7859,4658,"{""全队总伤害血量"": 7859, ""全队机器人总剩余血量"": 4658, ""总净胜胜利点"": 394, ""排名"": 2, ""积分"": 5, ""胜/平/负"": ""1/2/0""}"
2026,2026RMUL,RMUL,585,东北站,D组,3,大连大学,https://terra-cn-oss-cdn-public-pro.oss-cn-hangzhou.aliyuncs.com/b2a076471c6c4b72b574a977334d3e05/e5d34592-51d5-400c-b55f-7e2941680b57,NIE,3,1/2/0,5,225,12304,4132,"{""全队总伤害血量"": 12304, ""全队机器人总剩余血量"": 4132, ""总净胜胜利点"": 225, ""排名"": 3, ""积分"": 5, ""胜/平/负"": ""1/2/0""}"
2026,2026RMUL,RMUL,585,东北站,D组,4,中国科学院大学,https://terra-cn-oss-cdn-public-pro.oss-cn-hangzhou.aliyuncs.com/b2a076471c6c4b72b574a977334d3e05/0c7dc4da-f1a6-4d50-bdd9-5be0683a8624,SAS,4,0/0/3,0,-1163,1628,3872,"{""全队总伤害血量"": 1628, ""全队机器人总剩余血量"": 3872, ""总净胜胜利点"": -1163, ""排名"": 4, ""积分"": 0, ""胜/平/负"": ""0/0/3""}"
2026,2026RMUL,RMUL,585,东北站,E组,1,沈阳理工大学,https://terra-cn-oss-cdn-public-pro.oss-cn-hangzhou.aliyuncs.com/b2a076471c6c4b72b574a977334d3e05/be475077-4807-4b5d-b452-f007b66de8f2,Ambition,1,2/1/0,7,689,10188,5590,"{""全队总伤害血量"": 10188, ""全队机器人总剩余血量"": 5590, ""总净胜胜利点"": 689, ""排名"": 1, ""积分"": 7, ""胜/平/负"": ""2/1/0""}"
2026,2026RMUL,RMUL,585,东北站,E组,2,沈阳工业大学（辽阳校区）,https://pro-robomasters-hz-n5i3.oss-cn-hangzhou.aliyuncs.com/teams/1525679527619-logo_blue_800x800.png,赫兹矩阵,2,2/1/0,7,534,10649,4367,"{""全队总伤害血量"": 10649, ""全队机器人总剩余血量"": 4367, ""总净胜胜利点"": 534, ""排名"": 2, ""积分"": 7, ""胜/平/负"": ""2/1/0""}"
2026,2026RMUL,RMUL,585,东北站,E组,3,哈尔滨工业大学,https://terra-cn-oss-cdn-public-pro.oss-cn-hangzhou.aliyuncs.com/b2a076471c6c4b72b574a977334d3e05/830c2cbd-31e5-4fea-9015-cb6ec9fa5224,I Hiter,3,1/0/2,3,-239,7690,4462,"{""全队总伤害血量"": 7690, ""全队机器人总剩余血量"": 4462, ""总净胜胜利点"": -239, ""排名"": 3, ""积分"": 3, ""胜/平/负"": ""1/0/2""}"
2026,2026RMUL,RMUL,585,东北站,E组,4,沈阳化工大学,https://terra-cn-oss-cdn-public-pro.oss-cn-hangzhou.aliyuncs.com/b2a076471c6c4b72b574a977334d3e05/7904f36e-a273-4c62-af2d-75af4f0ce44c,共心筑梦,4,0/0/3,0,-984,5902,3690,"{""全队总伤害血量"": 5902, ""全队机器人总剩余血量"": 3690, ""总净胜胜利点"": -984, ""排名"": 4, ""积分"": 0, ""胜/平/负"": ""0/0/3""}"
2026,2026RMUL,RMUL,585,东北站,F组,1,辽宁科技大学,https://pro-robomasters-hz-n5i3.oss-cn-hangzhou.aliyuncs.com/teams/1525667029196-logo_blue_800x800.png,COD,1,3/0/0,9,1008,13774,4396,"{""全队总伤害血量"": 13774, ""全队机器人总剩余血量"": 4396, ""总净胜胜利点"": 1008, ""排名"": 1, ""积分"": 9, ""胜/平/负"": ""3/0/0""}"
2026,2026RMUL,RMUL,585,东北站,F组,2,哈尔滨工程大学,https://pro-robomasters-hz-n5i3.oss-cn-hangzhou.aliyuncs.com/teams/1525665837757-logo_blue_800x800.png,创梦之翼,2,2/0/1,6,433,15224,3974,"{""全队总伤害血量"": 15224, ""全队机器人总剩余血量"": 3974, ""总净胜胜利点"": 433, ""排名"": 2, ""积分"": 6, ""胜/平/负"": ""2/0/1""}"
2026,2026RMUL,RMUL,585,东北站,F组,3,哈尔滨理工大学,https://pro-robomasters-hz-n5i3.oss-cn-hangzhou.aliyuncs.com/teams/1525675153820-logo_blue_800x800.png,A.I.R.,3,1/0/2,3,-278,7314,3637,"{""全队总伤害血量"": 7314, ""全队机器人总剩余血量"": 3637, ""总净胜胜利点"": -278, ""排名"": 3, ""积分"": 3, ""胜/平/负"": ""1/0/2""}"
2026,2026RMUL,RMUL,585,东北站,F组,4,长春工业大学,https://terra-cn-oss-cdn-public-pro.oss-cn-hangzhou.aliyuncs.com/b2a076471c6c4b72b574a977334d3e05/d0b63191-b1cb-4476-b65b-26242c29015b,长弓,4,0/0/3,0,-1163,3027,2728,"{""全队总伤害血量"": 3027, ""全队机器人总剩余血量"": 2728, ""总净胜胜利点"": -1163, ""排名"": 4, ""积分"": 0, ""胜/平/负"": ""0/0/3""}"
2026,2026RMUL,RMUL,585,东北站,G组,1,大连理工大学,https://rm-static.djicdn.com/tem/19806/1f076093d63e91576572667729907724.png,凌BUG,1,3/0/0,9,1082,12782,6510,"{""全队总伤害血量"": 12782, ""全队机器人总剩余血量"": 6510, ""总净胜胜利点"": 1082, ""排名"": 1, ""积分"": 9, ""胜/平/负"": ""3/0/0""}"
2026,2026RMUL,RMUL,585,东北站,G组,2,东北大学秦皇岛分校,https://terra-cn-oss-cdn-public-pro.oss-cn-hangzhou.aliyuncs.com/b2a076471c6c4b72b574a977334d3e05/84e03632-7d92-498b-9150-24d51a28a8d4,征龙凌沧,2,2/0/1,6,518,10459,4120,"{""全队总伤害血量"": 10459, ""全队机器人总剩余血量"": 4120, ""总净胜胜利点"": 518, ""排名"": 2, ""积分"": 6, ""胜/平/负"": ""2/0/1""}"
2026,2026RMUL,RMUL,585,东北站,G组,3,黑河学院,https://pro-robomasters-hz-n5i3.oss-cn-hangzhou.aliyuncs.com/teams/1525678763216-logo_blue_800x800.png,LBT,3,0/1/2,1,-771,848,4208,"{""全队总伤害血量"": 848, ""全队机器人总剩余血量"": 4208, ""总净胜胜利点"": -771, ""排名"": 3, ""积分"": 1, ""胜/平/负"": ""0/1/2""}"
2026,2026RMUL,RMUL,585,东北站,G组,4,黑龙江工程学院,https://terra-cn-oss-cdn-public-pro.oss-cn-hangzhou.aliyuncs.com/b2a076471c6c4b72b574a977334d3e05/272207a0-35f9-4681-b4ed-5cb552d2a9ad,Young Dreams,4,0/1/2,1,-829,1120,1460,"{""全队总伤害血量"": 1120, ""全队机器人总剩余血量"": 1460, ""总净胜胜利点"": -829, ""排名"": 4, ""积分"": 1, ""胜/平/负"": ""0/1/2""}"
2026,2026RMUL,RMUL,585,东北站,H组,1,东北林业大学,https://pro-robomasters-hz-n5i3.oss-cn-hangzhou.aliyuncs.com/teams/1525678704382-logo_green_800x800.png,Ares,1,2/0/0,6,692,6126,3209,"{""全队总伤害血量"": 6126, ""全队机器人总剩余血量"": 3209, ""总净胜胜利点"": 692, ""排名"": 1, ""积分"": 6, ""胜/平/负"": ""2/0/0""}"
2026,2026RMUL,RMUL,585,东北站,H组,2,澳门理工大学,https://rm-static.djicdn.com/documents/71710/dc8326276ab521732519442656561050.png,九霄,2,1/0/1,3,-84,3418,2718,"{""全队总伤害血量"": 3418, ""全队机器人总剩余血量"": 2718, ""总净胜胜利点"": -84, ""排名"": 2, ""积分"": 3, ""胜/平/负"": ""1/0/1""}"
2026,2026RMUL,RMUL,585,东北站,H组,3,沈阳工学院,https://terra-cn-oss-cdn-public-pro.oss-cn-hangzhou.aliyuncs.com/b2a076471c6c4b72b574a977334d3e05/3ca01fe4-12da-45ee-9edb-a900256ec95d,逐星,3,0/0/2,0,-608,3641,1290,"{""全队总伤害血量"": 3641, ""全队机器人总剩余血量"": 1290, ""总净胜胜利点"": -608, ""排名"": 3, ""积分"": 0, ""胜/平/负"": ""0/0/2""}"
2026,2026RMUL,RMUL,586,江苏站,A组,1,南京理工大学,https://pro-robomasters-hz-n5i3.oss-cn-hangzhou.aliyuncs.com/teams/1525665364632-logo_purple_800x800.png,Alliance,1,3/0/0,9,1055,10158,5838,"{""全队总伤害血量"": 10158, ""全队机器人总剩余血量"": 5838, ""总净胜胜利点"": 1055, ""排名"": 1, ""积分"": 9, ""胜/平/负"": ""3/0/0""}"
2026,2026RMUL,RMUL,586,江苏站,A组,2,南京大学,https://pro-robomasters-hz-n5i3.oss-cn-hangzhou.aliyuncs.com/teams/1525699586460-logo_purple_800x800_for_circle.png,鲸麟,2,2/0/1,6,91,7399,4265,"{""全队总伤害血量"": 7399, ""全队机器人总剩余血量"": 4265, ""总净胜胜利点"": 91, ""排名"": 2, ""积分"": 6, ""胜/平/负"": ""2/0/1""}"
2026,2026RMUL,RMUL,586,江苏站,A组,3,西交利物浦大学,https://pro-robomasters-hz-n5i3.oss-cn-hangzhou.aliyuncs.com/teams/1525680126695-logo_black_800x800.png,GMaster,3,1/0/2,3,-46,8925,4316,"{""全队总伤害血量"": 8925, ""全队机器人总剩余血量"": 4316, ""总净胜胜利点"": -46, ""排名"": 3, ""积分"": 3, ""胜/平/负"": ""1/0/2""}"
2026,2026RMUL,RMUL,586,江苏站,A组,4,盐城工学院,https://hz-rm-bbs-web-prod.oss-cn-hangzhou.aliyuncs.com/3fff5bea0c894974b04ac98acf7aae841761886625467/盐城工学院-logo-1024px.png,盐潮,4,0/0/3,0,-1100,1840,5114,"{""全队总伤害血量"": 1840, ""全队机器人总剩余血量"": 5114, ""总净胜胜利点"": -1100, ""排名"": 4, ""积分"": 0, ""胜/平/负"": ""0/0/3""}"
2026,2026RMUL,RMUL,586,江苏站,B组,1,浙江师范大学,https://terra-cn-oss-cdn-public-pro.oss-cn-hangzhou.aliyuncs.com/b2a076471c6c4b72b574a977334d3e05/12312fed-e148-4afc-a465-df89322ed051,浙狮,1,3/0/0,9,680,10870,4249,"{""全队总伤害血量"": 10870, ""全队机器人总剩余血量"": 4249, ""总净胜胜利点"": 680, ""排名"": 1, ""积分"": 9, ""胜/平/负"": ""3/0/0""}"
2026,2026RMUL,RMUL,586,江苏站,B组,2,中国矿业大学,https://pro-robomasters-hz-n5i3.oss-cn-hangzhou.aliyuncs.com/teams/1525667804487-logo_blue_800x800.png,CUBOT,2,2/0/1,6,420,13006,4696,"{""全队总伤害血量"": 13006, ""全队机器人总剩余血量"": 4696, ""总净胜胜利点"": 420, ""排名"": 2, ""积分"": 6, ""胜/平/负"": ""2/0/1""}"
2026,2026RMUL,RMUL,586,江苏站,B组,3,南通理工学院,https://terra-cn-oss-cdn-public-pro.oss-cn-hangzhou.aliyuncs.com/b2a076471c6c4b72b574a977334d3e05/9d248cef-d4ec-4ada-8182-b0861700e0cf,紫琅,3,0/1/2,1,-473,5243,3964,"{""全队总伤害血量"": 5243, ""全队机器人总剩余血量"": 3964, ""总净胜胜利点"": -473, ""排名"": 3, ""积分"": 1, ""胜/平/负"": ""0/1/2""}"
2026,2026RMUL,RMUL,586,江苏站,B组,4,江苏大学,https://terra-cn-oss-cdn-public-pro.oss-cn-hangzhou.aliyuncs.com/b2a076471c6c4b72b574a977334d3e05/036092c1-0909-41bb-a02b-73136e6bc32e,Aurora,4,0/1/2,1,-627,6520,4070,"{""全队总伤害血量"": 6520, ""全队机器人总剩余血量"": 4070, ""总净胜胜利点"": -627, ""排名"": 4, ""积分"": 1, ""胜/平/负"": ""0/1/2""}"
2026,2026RMUL,RMUL,586,江苏站,C组,1,江南大学霞客湾校区,https://terra-cn-oss-cdn-public-pro.oss-cn-hangzhou.aliyuncs.com/b2a076471c6c4b72b574a977334d3e05/2735fdad-16b0-495d-9266-2d1f1aa236ea,SHARK,1,3/0/0,9,1185,16121,5568,"{""全队总伤害血量"": 16121, ""全队机器人总剩余血量"": 5568, ""总净胜胜利点"": 1185, ""排名"": 1, ""积分"": 9, ""胜/平/负"": ""3/0/0""}"
2026,2026RMUL,RMUL,586,江苏站,C组,2,武汉大学,https://terra-cn-oss-cdn-public-pro.oss-cn-hangzhou.aliyuncs.com/b2a076471c6c4b72b574a977334d3e05/4e720dc7-05b2-45d8-be42-f91ce2fd40ed,珞珈狐,2,2/0/1,6,291,10593,3940,"{""全队总伤害血量"": 10593, ""全队机器人总剩余血量"": 3940, ""总净胜胜利点"": 291, ""排名"": 2, ""积分"": 6, ""胜/平/负"": ""2/0/1""}"
2026,2026RMUL,RMUL,586,江苏站,C组,3,东南大学,https://pro-robomasters-hz-n5i3.oss-cn-hangzhou.aliyuncs.com/teams/1525665086212-logo_yellow_800x800.png,3SE,3,1/0/2,3,-452,4154,4134,"{""全队总伤害血量"": 4154, ""全队机器人总剩余血量"": 4134, ""总净胜胜利点"": -452, ""排名"": 3, ""积分"": 3, ""胜/平/负"": ""1/0/2""}"
2026,2026RMUL,RMUL,586,江苏站,C组,4,厦门大学,https://terra-cn-oss-cdn-public-pro.oss-cn-hangzhou.aliyuncs.com/b2a076471c6c4b72b574a977334d3e05/04926f4b-2f6d-4691-b45d-502cc1e11f34,RCS,4,0/0/3,0,-1024,2920,3430,"{""全队总伤害血量"": 2920, ""全队机器人总剩余血量"": 3430, ""总净胜胜利点"": -1024, ""排名"": 4, ""积分"": 0, ""胜/平/负"": ""0/0/3""}"
2026,2026RMUL,RMUL,586,江苏站,D组,1,浙江大学,https://pro-robomasters-hz-n5i3.oss-cn-hangzhou.aliyuncs.com/teams/1532425365935-logo_blue_800x800.png,Hello World,1,2/0/0,6,754,9370,2962,"{""全队总伤害血量"": 9370, ""全队机器人总剩余血量"": 2962, ""总净胜胜利点"": 754, ""排名"": 1, ""积分"": 6, ""胜/平/负"": ""2/0/0""}"
2026,2026RMUL,RMUL,586,江苏站,D组,2,南京理工大学江阴校区,https://terra-cn-oss-cdn-public-pro.oss-cn-hangzhou.aliyuncs.com/b2a076471c6c4b72b574a977334d3e05/b5a4da1c-bec5-4099-9ce9-d21af29c0e59,Combat,2,1/0/1,3,6,6549,2870,"{""全队总伤害血量"": 6549, ""全队机器人总剩余血量"": 2870, ""总净胜胜利点"": 6, ""排名"": 2, ""积分"": 3, ""胜/平/负"": ""1/0/1""}"
2026,2026RMUL,RMUL,586,江苏站,D组,3,三江学院,https://terra-cn-oss-cdn-public-pro.oss-cn-hangzhou.aliyuncs.com/b2a076471c6c4b72b574a977334d3e05/5a5a37ef-738e-45ac-ad58-89890411987d,破浪,3,0/0/2,0,-760,3080,2169,"{""全队总伤害血量"": 3080, ""全队机器人总剩余血量"": 2169, ""总净胜胜利点"": -760, ""排名"": 3, ""积分"": 0, ""胜/平/负"": ""0/0/2""}"
2026,2026RMUL,RMUL,586,江苏站,E组,1,厦门理工学院,https://pro-robomasters-hz-n5i3.oss-cn-hangzhou.aliyuncs.com/teams/1525679388670-logo_red_800x800.png,PFA,1,2/1/0,7,783,10678,4378,"{""全队总伤害血量"": 10678, ""全队机器人总剩余血量"": 4378, ""总净胜胜利点"": 783, ""排名"": 1, ""积分"": 7, ""胜/平/负"": ""2/1/0""}"
2026,2026RMUL,RMUL,586,江苏站,E组,2,上海工程技术大学,https://hz-rm-bbs-web-prod.oss-cn-hangzhou.aliyuncs.com/667846aed45345a38bfc85941ed1d4e81761735031787/未标题-1.png,木鸢Birdiebot,2,2/1/0,7,659,9548,4156,"{""全队总伤害血量"": 9548, ""全队机器人总剩余血量"": 4156, ""总净胜胜利点"": 659, ""排名"": 2, ""积分"": 7, ""胜/平/负"": ""2/1/0""}"
2026,2026RMUL,RMUL,586,江苏站,E组,3,常州工学院,https://terra-cn-oss-cdn-public-pro.oss-cn-hangzhou.aliyuncs.com/b2a076471c6c4b72b574a977334d3e05/dbb25287-0342-4341-bbda-e47294764f95,FA,3,1/0/2,3,-378,4760,3423,"{""全队总伤害血量"": 4760, ""全队机器人总剩余血量"": 3423, ""总净胜胜利点"": -378, ""排名"": 3, ""积分"": 3, ""胜/平/负"": ""1/0/2""}"
2026,2026RMUL,RMUL,586,江苏站,E组,4,南通大学,https://terra-cn-oss-cdn-public-pro.oss-cn-hangzhou.aliyuncs.com/b2a076471c6c4b72b574a977334d3e05/d95488d8-8e90-4a76-9c28-3c1e1c441497,NSE,4,0/0/3,0,-1064,4092,2672,"{""全队总伤害血量"": 4092, ""全队机器人总剩余血量"": 2672, ""总净胜胜利点"": -1064, ""排名"": 4, ""积分"": 0, ""胜/平/负"": ""0/0/3""}"
2026,2026RMUL,RMUL,586,江苏站,F组,1,南京邮电大学,https://terra-cn-oss-cdn-public-pro.oss-cn-hangzhou.aliyuncs.com/b2a076471c6c4b72b574a977334d3e05/9d63db62-d19e-466c-bf55-b90ed2cf4b5b,Potential,1,3/0/0,9,975,13605,5972,"{""全队总伤害血量"": 13605, ""全队机器人总剩余血量"": 5972, ""总净胜胜利点"": 975, ""排名"": 1, ""积分"": 9, ""胜/平/负"": ""3/0/0""}"
2026,2026RMUL,RMUL,586,江苏站,F组,2,南昌大学,https://pro-robomasters-hz-n5i3.oss-cn-hangzhou.aliyuncs.com/teams/1525699199414-logo_blue_800x800.png,Passion,2,2/0/1,6,134,12690,4504,"{""全队总伤害血量"": 12690, ""全队机器人总剩余血量"": 4504, ""总净胜胜利点"": 134, ""排名"": 2, ""积分"": 6, ""胜/平/负"": ""2/0/1""}"
2026,2026RMUL,RMUL,586,江苏站,F组,3,集美大学,https://terra-cn-oss-cdn-public-pro.oss-cn-hangzhou.aliyuncs.com/b2a076471c6c4b72b574a977334d3e05/b7adb364-38d0-4983-9bfa-e72ed208aa1e,科来,3,1/0/2,3,72,9408,3992,"{""全队总伤害血量"": 9408, ""全队机器人总剩余血量"": 3992, ""总净胜胜利点"": 72, ""排名"": 3, ""积分"": 3, ""胜/平/负"": ""1/0/2""}"
2026,2026RMUL,RMUL,586,江苏站,F组,4,盐城师范学院,https://terra-cn-oss-cdn-public-pro.oss-cn-hangzhou.aliyuncs.com/b2a076471c6c4b72b574a977334d3e05/bb5abe60-24e8-4ad4-9269-577ec3ef0e59,盐鹤,4,0/0/3,0,-1181,100,3660,"{""全队总伤害血量"": 100, ""全队机器人总剩余血量"": 3660, ""总净胜胜利点"": -1181, ""排名"": 4, ""积分"": 0, ""胜/平/负"": ""0/0/3""}"
2026,2026RMUL,RMUL,586,江苏站,G组,1,南京工程学院,https://terra-cn-oss-cdn-public-pro.oss-cn-hangzhou.aliyuncs.com/b2a076471c6c4b72b574a977334d3e05/4f5cdc1b-8c89-4ad7-bd0f-14b63ef3d3fc,zerone,1,2/1/0,7,852,9566,4472,"{""全队总伤害血量"": 9566, ""全队机器人总剩余血量"": 4472, ""总净胜胜利点"": 852, ""排名"": 1, ""积分"": 7, ""胜/平/负"": ""2/1/0""}"
2026,2026RMUL,RMUL,586,江苏站,G组,2,福建师范大学,https://terra-cn-oss-cdn-public-pro.oss-cn-hangzhou.aliyuncs.com/b2a076471c6c4b72b574a977334d3e05/e1a05fca-da24-477e-af25-33ce70650b17,PKA,2,2/1/0,7,577,9136,5924,"{""全队总伤害血量"": 9136, ""全队机器人总剩余血量"": 5924, ""总净胜胜利点"": 577, ""排名"": 2, ""积分"": 7, ""胜/平/负"": ""2/1/0""}"
2026,2026RMUL,RMUL,586,江苏站,G组,3,南京航空航天大学,https://pro-robomasters-hz-n5i3.oss-cn-hangzhou.aliyuncs.com/teams/1525679454590-logo_purple_800x800.png,长空御风,3,1/0/2,3,-529,4805,2326,"{""全队总伤害血量"": 4805, ""全队机器人总剩余血量"": 2326, ""总净胜胜利点"": -529, ""排名"": 3, ""积分"": 3, ""胜/平/负"": ""1/0/2""}"
2026,2026RMUL,RMUL,586,江苏站,G组,4,上海纽约大学,https://hz-rm-bbs-web-prod.oss-cn-hangzhou.aliyuncs.com/9b15befcf9134b3bb3ce31ff35fded581762143651087/校徽.png,联合力量,4,0/0/3,0,-900,5154,3882,"{""全队总伤害血量"": 5154, ""全队机器人总剩余血量"": 3882, ""总净胜胜利点"": -900, ""排名"": 4, ""积分"": 0, ""胜/平/负"": ""0/0/3""}"
2026,2026RMUL,RMUL,586,江苏站,H组,1,福建理工大学,https://terra-cn-oss-cdn-public-pro.oss-cn-hangzhou.aliyuncs.com/b2a076471c6c4b72b574a977334d3e05/2e4a88a1-9d5b-4d21-bae7-1a528564acda,苍侠,1,1/1/0,4,278,12312,3392,"{""全队总伤害血量"": 12312, ""全队机器人总剩余血量"": 3392, ""总净胜胜利点"": 278, ""排名"": 1, ""积分"": 4, ""胜/平/负"": ""1/1/0""}"
2026,2026RMUL,RMUL,586,江苏站,H组,2,文华学院,https://terra-cn-oss-cdn-public-pro.oss-cn-hangzhou.aliyuncs.com/b2a076471c6c4b72b574a977334d3e05/75be0b89-9b53-4216-be6a-ce596feffca9,MSE STAR,2,1/1/0,4,227,7631,2949,"{""全队总伤害血量"": 7631, ""全队机器人总剩余血量"": 2949, ""总净胜胜利点"": 227, ""排名"": 2, ""积分"": 4, ""胜/平/负"": ""1/1/0""}"
2026,2026RMUL,RMUL,586,江苏站,H组,3,香港浸会大学,https://terra-us-pro-rm-prod-pub-us.s3.amazonaws.com/da84bc27e35640e4b9feecd839639d57/f5c3943c-4258-449f-8683-53019512354a,Navigator Beta,3,0/0/2,0,-505,4115,3470,"{""全队总伤害血量"": 4115, ""全队机器人总剩余血量"": 3470, ""总净胜胜利点"": -505, ""排名"": 3, ""积分"": 0, ""胜/平/负"": ""0/0/2""}"
2026,2026RMUL,RMUL,587,华北站,A组,1,中国石油大学（北京）,https://terra-cn-oss-cdn-public-pro.oss-cn-hangzhou.aliyuncs.com/b2a076471c6c4b72b574a977334d3e05/536194b1-d052-480f-b5b9-fbd2ef9d6dc8,SPR,1,2/1/0,7,609,8762,4666,"{""全队总伤害血量"": 8762, ""全队机器人总剩余血量"": 4666, ""总净胜胜利点"": 609, ""排名"": 1, ""积分"": 7, ""胜/平/负"": ""2/1/0""}"
2026,2026RMUL,RMUL,587,华北站,A组,2,福建农林大学,https://pro-robomasters-hz-n5i3.oss-cn-hangzhou.aliyuncs.com/teams/1525698804678-logo_green_800x800.png,零七一,2,1/1/1,4,162,7368,3481,"{""全队总伤害血量"": 7368, ""全队机器人总剩余血量"": 3481, ""总净胜胜利点"": 162, ""排名"": 2, ""积分"": 4, ""胜/平/负"": ""1/1/1""}"
2026,2026RMUL,RMUL,587,华北站,A组,3,大连民族大学,https://hz-rm-bbs-web-prod.oss-cn-hangzhou.aliyuncs.com/abe0594748d84f789cd923021e253fdd1772641107165/大连民族大学-校徽.png,C·ONE,3,1/0/2,3,-636,5059,2738,"{""全队总伤害血量"": 5059, ""全队机器人总剩余血量"": 2738, ""总净胜胜利点"": -636, ""排名"": 3, ""积分"": 3, ""胜/平/负"": ""1/0/2""}"
2026,2026RMUL,RMUL,587,华北站,A组,4,北京林业大学,https://terra-cn-oss-cdn-public-pro.oss-cn-hangzhou.aliyuncs.com/b2a076471c6c4b72b574a977334d3e05/23d3a6b6-7de1-4d65-97e6-748d1e5c08af,森林狼,4,0/2/1,2,-135,8951,2862,"{""全队总伤害血量"": 8951, ""全队机器人总剩余血量"": 2862, ""总净胜胜利点"": -135, ""排名"": 4, ""积分"": 2, ""胜/平/负"": ""0/2/1""}"
2026,2026RMUL,RMUL,587,华北站,B组,1,华北科技学院,https://pro-robomasters-hz-n5i3.oss-cn-hangzhou.aliyuncs.com/teams/1525674748988-logo_blue_800x800.png,风暴,1,3/0/0,9,650,12286,3527,"{""全队总伤害血量"": 12286, ""全队机器人总剩余血量"": 3527, ""总净胜胜利点"": 650, ""排名"": 1, ""积分"": 9, ""胜/平/负"": ""3/0/0""}"
2026,2026RMUL,RMUL,587,华北站,B组,2,宁夏理工学院,https://hz-rm-bbs-web-prod.oss-cn-hangzhou.aliyuncs.com/54bb8424c4df43058ad355288aa1842e1772613098564/校徽(1).png,聚变新星,2,2/0/1,6,647,11864,3678,"{""全队总伤害血量"": 11864, ""全队机器人总剩余血量"": 3678, ""总净胜胜利点"": 647, ""排名"": 2, ""积分"": 6, ""胜/平/负"": ""2/0/1""}"
2026,2026RMUL,RMUL,587,华北站,B组,3,山西机电职业技术学院,https://terra-cn-oss-cdn-public-pro.oss-cn-hangzhou.aliyuncs.com/b2a076471c6c4b72b574a977334d3e05/9dd6c2e6-2cdf-4136-b3a0-bb8d200a0633,筑梦,3,1/0/2,3,-188,8098,2294,"{""全队总伤害血量"": 8098, ""全队机器人总剩余血量"": 2294, ""总净胜胜利点"": -188, ""排名"": 3, ""积分"": 3, ""胜/平/负"": ""1/0/2""}"
2026,2026RMUL,RMUL,587,华北站,B组,4,呼伦贝尔学院,https://terra-cn-oss-cdn-public-pro.oss-cn-hangzhou.aliyuncs.com/b2a076471c6c4b72b574a977334d3e05/3dadcfe0-32b9-4308-a016-68e7e66ca14c,匠芯,4,0/0/3,0,-1109,3414,2188,"{""全队总伤害血量"": 3414, ""全队机器人总剩余血量"": 2188, ""总净胜胜利点"": -1109, ""排名"": 4, ""积分"": 0, ""胜/平/负"": ""0/0/3""}"
2026,2026RMUL,RMUL,587,华北站,C组,1,北京航空航天大学,https://terra-cn-oss-cdn-public-pro.oss-cn-hangzhou.aliyuncs.com/b2a076471c6c4b72b574a977334d3e05/441cd21a-bd57-4ae9-ae6f-e75fe4b857fc,Transistor,1,3/0/0,9,1200,6507,5974,"{""全队总伤害血量"": 6507, ""全队机器人总剩余血量"": 5974, ""总净胜胜利点"": 1200, ""排名"": 1, ""积分"": 9, ""胜/平/负"": ""3/0/0""}"
2026,2026RMUL,RMUL,587,华北站,C组,2,山西工商学院,https://terra-cn-oss-cdn-public-pro.oss-cn-hangzhou.aliyuncs.com/b2a076471c6c4b72b574a977334d3e05/ece12441-60a7-4eac-819e-9f316855f5b4,TB Power,2,1/1/1,4,20,3925,4278,"{""全队总伤害血量"": 3925, ""全队机器人总剩余血量"": 4278, ""总净胜胜利点"": 20, ""排名"": 2, ""积分"": 4, ""胜/平/负"": ""1/1/1""}"
2026,2026RMUL,RMUL,587,华北站,C组,3,内蒙古师范大学,https://terra-cn-oss-cdn-public-pro.oss-cn-hangzhou.aliyuncs.com/b2a076471c6c4b72b574a977334d3e05/c86a4616-903d-401f-91de-054138c4f385,猛码,3,1/1/1,4,-32,3292,5169,"{""全队总伤害血量"": 3292, ""全队机器人总剩余血量"": 5169, ""总净胜胜利点"": -32, ""排名"": 3, ""积分"": 4, ""胜/平/负"": ""1/1/1""}"
2026,2026RMUL,RMUL,587,华北站,C组,4,河北工业大学,https://terra-cn-oss-cdn-public-pro.oss-cn-hangzhou.aliyuncs.com/b2a076471c6c4b72b574a977334d3e05/41eef11b-8cc7-483e-88e0-900af812a330,山海机甲,4,0/0/3,0,-1188,2340,3077,"{""全队总伤害血量"": 2340, ""全队机器人总剩余血量"": 3077, ""总净胜胜利点"": -1188, ""排名"": 4, ""积分"": 0, ""胜/平/负"": ""0/0/3""}"
2026,2026RMUL,RMUL,587,华北站,D组,1,北京工业大学,https://terra-cn-oss-cdn-public-pro.oss-cn-hangzhou.aliyuncs.com/b2a076471c6c4b72b574a977334d3e05/8e9cca8d-1cf4-4ff2-adb9-1dab9e3062ef,PIP,1,3/0/0,9,817,14647,4838,"{""全队总伤害血量"": 14647, ""全队机器人总剩余血量"": 4838, ""总净胜胜利点"": 817, ""排名"": 1, ""积分"": 9, ""胜/平/负"": ""3/0/0""}"
2026,2026RMUL,RMUL,587,华北站,D组,2,内蒙古科技大学,https://terra-cn-oss-cdn-public-pro.oss-cn-hangzhou.aliyuncs.com/b2a076471c6c4b72b574a977334d3e05/4e59c288-b5e4-4ed5-a221-3be0377641e1,雷霆,2,2/0/1,6,614,9338,4708,"{""全队总伤害血量"": 9338, ""全队机器人总剩余血量"": 4708, ""总净胜胜利点"": 614, ""排名"": 2, ""积分"": 6, ""胜/平/负"": ""2/0/1""}"
2026,2026RMUL,RMUL,587,华北站,D组,3,苏州大学应用技术学院,https://terra-cn-oss-cdn-public-pro.oss-cn-hangzhou.aliyuncs.com/b2a076471c6c4b72b574a977334d3e05/366dfcdb-fa25-4b80-a582-de700f825908,苏鸾,3,1/0/2,3,-300,5080,2502,"{""全队总伤害血量"": 5080, ""全队机器人总剩余血量"": 2502, ""总净胜胜利点"": -300, ""排名"": 3, ""积分"": 3, ""胜/平/负"": ""1/0/2""}"
2026,2026RMUL,RMUL,587,华北站,D组,4,陆军兵种大学,https://rm-static.djicdn.com/games-backend/990151f8-6a99-467d-887d-2de705e35876,铁驭,4,0/0/3,0,-1131,3283,4467,"{""全队总伤害血量"": 3283, ""全队机器人总剩余血量"": 4467, ""总净胜胜利点"": -1131, ""排名"": 4, ""积分"": 0, ""胜/平/负"": ""0/0/3""}"
2026,2026RMUL,RMUL,587,华北站,E组,1,太原科技大学,https://pro-robomasters-hz-n5i3.oss-cn-hangzhou.aliyuncs.com/teams/1525680043036-log_blue_800x800.png,NewMaker,1,3/0/0,9,1018,13067,4958,"{""全队总伤害血量"": 13067, ""全队机器人总剩余血量"": 4958, ""总净胜胜利点"": 1018, ""排名"": 1, ""积分"": 9, ""胜/平/负"": ""3/0/0""}"
2026,2026RMUL,RMUL,587,华北站,E组,2,清华大学,https://hz-rm-bbs-web-prod.oss-cn-hangzhou.aliyuncs.com/c006e0d2b7114cdf8e2e87d26ee300bd1762257060513/清华校徽-800px.png,青云,2,2/0/1,6,356,10329,4046,"{""全队总伤害血量"": 10329, ""全队机器人总剩余血量"": 4046, ""总净胜胜利点"": 356, ""排名"": 2, ""积分"": 6, ""胜/平/负"": ""2/0/1""}"
2026,2026RMUL,RMUL,587,华北站,E组,3,郑州大学,https://pro-robomasters-hz-n5i3.oss-cn-hangzhou.aliyuncs.com/teams/1525673834819-logo_green_800x800.png,中州烛龙,3,1/0/2,3,-258,5526,3676,"{""全队总伤害血量"": 5526, ""全队机器人总剩余血量"": 3676, ""总净胜胜利点"": -258, ""排名"": 3, ""积分"": 3, ""胜/平/负"": ""1/0/2""}"
2026,2026RMUL,RMUL,587,华北站,E组,4,河北大学,https://terra-cn-oss-cdn-public-pro.oss-cn-hangzhou.aliyuncs.com/b2a076471c6c4b72b574a977334d3e05/cf3054f5-4c8c-4e9d-b898-0b3bf066d105,直隶机甲,4,0/0/3,0,-1116,4221,3008,"{""全队总伤害血量"": 4221, ""全队机器人总剩余血量"": 3008, ""总净胜胜利点"": -1116, ""排名"": 4, ""积分"": 0, ""胜/平/负"": ""0/0/3""}"
2026,2026RMUL,RMUL,587,华北站,F组,1,新疆工程学院,https://terra-cn-oss-cdn-public-pro.oss-cn-hangzhou.aliyuncs.com/b2a076471c6c4b72b574a977334d3e05/8e541405-c875-48a9-b9fb-5d046c85e5bb,金胡杨,1,2/1/0,7,501,12234,4326,"{""全队总伤害血量"": 12234, ""全队机器人总剩余血量"": 4326, ""总净胜胜利点"": 501, ""排名"": 1, ""积分"": 7, ""胜/平/负"": ""2/1/0""}"
2026,2026RMUL,RMUL,587,华北站,F组,2,新疆大学,https://terra-cn-oss-cdn-public-pro.oss-cn-hangzhou.aliyuncs.com/b2a076471c6c4b72b574a977334d3e05/6b5097f0-d468-44ee-a036-684667bd95dc,小白杨,2,1/2/0,5,503,12494,4218,"{""全队总伤害血量"": 12494, ""全队机器人总剩余血量"": 4218, ""总净胜胜利点"": 503, ""排名"": 2, ""积分"": 5, ""胜/平/负"": ""1/2/0""}"
2026,2026RMUL,RMUL,587,华北站,F组,3,西安科技大学,https://terra-cn-oss-cdn-public-pro.oss-cn-hangzhou.aliyuncs.com/b2a076471c6c4b72b574a977334d3e05/b267968c-5fb5-4aa9-a08f-e9225a590872,秦风,3,1/1/1,4,-139,12364,3488,"{""全队总伤害血量"": 12364, ""全队机器人总剩余血量"": 3488, ""总净胜胜利点"": -139, ""排名"": 3, ""积分"": 4, ""胜/平/负"": ""1/1/1""}"
2026,2026RMUL,RMUL,587,华北站,F组,4,北京信息科技大学,https://terra-cn-oss-cdn-public-pro.oss-cn-hangzhou.aliyuncs.com/b2a076471c6c4b72b574a977334d3e05/532bbb76-84d6-44d8-807d-4047f77027f6,星辰,4,0/0/3,0,-865,6501,3808,"{""全队总伤害血量"": 6501, ""全队机器人总剩余血量"": 3808, ""总净胜胜利点"": -865, ""排名"": 4, ""积分"": 0, ""胜/平/负"": ""0/0/3""}"
2026,2026RMUL,RMUL,587,华北站,G组,1,江西理工大学,https://terra-cn-oss-cdn-public-pro.oss-cn-hangzhou.aliyuncs.com/b2a076471c6c4b72b574a977334d3e05/098f6c3c-53ef-4728-a1dd-be02431cf1ce,乘风,1,2/1/0,7,934,15384,5870,"{""全队总伤害血量"": 15384, ""全队机器人总剩余血量"": 5870, ""总净胜胜利点"": 934, ""排名"": 1, ""积分"": 7, ""胜/平/负"": ""2/1/0""}"
2026,2026RMUL,RMUL,587,华北站,G组,2,中国民航大学,https://terra-cn-oss-cdn-public-pro.oss-cn-hangzhou.aliyuncs.com/b2a076471c6c4b72b574a977334d3e05/e0f9b5fa-1bbb-44a8-8801-7471082c9029,因特雷,2,2/0/1,6,171,7815,3249,"{""全队总伤害血量"": 7815, ""全队机器人总剩余血量"": 3249, ""总净胜胜利点"": 171, ""排名"": 2, ""积分"": 6, ""胜/平/负"": ""2/0/1""}"
2026,2026RMUL,RMUL,587,华北站,G组,3,天津工业大学,https://terra-cn-oss-cdn-public-pro.oss-cn-hangzhou.aliyuncs.com/b2a076471c6c4b72b574a977334d3e05/a70763c5-9c53-43c5-b38a-a5b62e2c0f5d,304,3,1/1/1,4,29,9014,4916,"{""全队总伤害血量"": 9014, ""全队机器人总剩余血量"": 4916, ""总净胜胜利点"": 29, ""排名"": 3, ""积分"": 4, ""胜/平/负"": ""1/1/1""}"
2026,2026RMUL,RMUL,587,华北站,G组,4,石河子大学,https://terra-cn-oss-cdn-public-pro.oss-cn-hangzhou.aliyuncs.com/b2a076471c6c4b72b574a977334d3e05/ebe75d50-6d97-4e54-858e-13a01abc7ec2,戈壁明珠,4,0/0/3,0,-1134,1287,3877,"{""全队总伤害血量"": 1287, ""全队机器人总剩余血量"": 3877, ""总净胜胜利点"": -1134, ""排名"": 4, ""积分"": 0, ""胜/平/负"": ""0/0/3""}"
2026,2026RMUL,RMUL,587,华北站,H组,1,河北师范大学,https://hz-rm-bbs-web-prod.oss-cn-hangzhou.aliyuncs.com/f3a6428532d948efaf3d76873791c4081772527743888/校徽.png,金钢,1,3/0/0,9,768,15037,5032,"{""全队总伤害血量"": 15037, ""全队机器人总剩余血量"": 5032, ""总净胜胜利点"": 768, ""排名"": 1, ""积分"": 9, ""胜/平/负"": ""3/0/0""}"
2026,2026RMUL,RMUL,587,华北站,H组,2,中北大学,https://rm-static.djicdn.com/games-backend/545f6aae-fcc7-4094-85e0-ea6f30596d73,606,2,2/0/1,6,446,9704,5064,"{""全队总伤害血量"": 9704, ""全队机器人总剩余血量"": 5064, ""总净胜胜利点"": 446, ""排名"": 2, ""积分"": 6, ""胜/平/负"": ""2/0/1""}"
2026,2026RMUL,RMUL,587,华北站,H组,3,中国人民警察大学,https://terra-cn-oss-cdn-public-pro.oss-cn-hangzhou.aliyuncs.com/b2a076471c6c4b72b574a977334d3e05/6667fef5-8c2c-4dd6-9973-618e3254db2d,无畏先锋,3,1/0/2,3,-392,6346,4270,"{""全队总伤害血量"": 6346, ""全队机器人总剩余血量"": 4270, ""总净胜胜利点"": -392, ""排名"": 3, ""积分"": 3, ""胜/平/负"": ""1/0/2""}"
2026,2026RMUL,RMUL,587,华北站,H组,4,防灾科技学院,https://pro-robomasters-hz-n5i3.oss-cn-hangzhou.aliyuncs.com/teams/1525674573314-logo_blue_800x800.png,思玄,4,0/0/3,0,-822,5109,3805,"{""全队总伤害血量"": 5109, ""全队机器人总剩余血量"": 3805, ""总净胜胜利点"": -822, ""排名"": 4, ""积分"": 0, ""胜/平/负"": ""0/0/3""}"
2026,2026RMUL,RMUL,588,上海站,A组,1,厦门大学嘉庚学院,https://terra-cn-oss-cdn-public-pro.oss-cn-hangzhou.aliyuncs.com/b2a076471c6c4b72b574a977334d3e05/74fa4796-2b58-4d72-8b60-2150168b72fe,TCR,1,1/2/0,5,383,11084,5347,"{""全队总伤害血量"": 11084, ""全队机器人总剩余血量"": 5347, ""总净胜胜利点"": 383, ""排名"": 1, ""积分"": 5, ""胜/平/负"": ""1/2/0""}"
2026,2026RMUL,RMUL,588,上海站,A组,2,西浦创业家学院（太仓）,https://rm-static.djicdn.com/documents/71710/14a6ecf1556731730343354687189742.png,OmniX,2,1/2/0,5,76,12213,3862,"{""全队总伤害血量"": 12213, ""全队机器人总剩余血量"": 3862, ""总净胜胜利点"": 76, ""排名"": 2, ""积分"": 5, ""胜/平/负"": ""1/2/0""}"
2026,2026RMUL,RMUL,588,上海站,A组,3,北师香港浸会大学,https://hz-rm-bbs-web-prod.oss-cn-hangzhou.aliyuncs.com/9e68223c1e3b457e86f666c13b8e93e01762142000467/未标题-1.png,Navigator Alpha,3,1/1/1,4,289,7076,3232,"{""全队总伤害血量"": 7076, ""全队机器人总剩余血量"": 3232, ""总净胜胜利点"": 289, ""排名"": 3, ""积分"": 4, ""胜/平/负"": ""1/1/1""}"
2026,2026RMUL,RMUL,588,上海站,A组,4,杭州电子科技大学,https://terra-cn-oss-cdn-public-pro.oss-cn-hangzhou.aliyuncs.com/b2a076471c6c4b72b574a977334d3e05/e8350b30-12fc-4a44-a049-638d5f14d72b,PHOENIX,4,0/1/2,1,-748,6544,4090,"{""全队总伤害血量"": 6544, ""全队机器人总剩余血量"": 4090, ""总净胜胜利点"": -748, ""排名"": 4, ""积分"": 1, ""胜/平/负"": ""0/1/2""}"
2026,2026RMUL,RMUL,588,上海站,B组,1,浙江工业大学,https://pro-robomasters-hz-n5i3.oss-cn-hangzhou.aliyuncs.com/teams/1525679170298-logo_blue_800x800.png,Deus,1,1/2/0,5,598,8888,4035,"{""全队总伤害血量"": 8888, ""全队机器人总剩余血量"": 4035, ""总净胜胜利点"": 598, ""排名"": 1, ""积分"": 5, ""胜/平/负"": ""1/2/0""}"
2026,2026RMUL,RMUL,588,上海站,B组,2,华东交通大学,https://terra-cn-oss-cdn-public-pro.oss-cn-hangzhou.aliyuncs.com/b2a076471c6c4b72b574a977334d3e05/ba0621cb-d638-4b2c-862c-bd9ab0978376,RealSteel,2,1/2/0,5,39,9819,2470,"{""全队总伤害血量"": 9819, ""全队机器人总剩余血量"": 2470, ""总净胜胜利点"": 39, ""排名"": 2, ""积分"": 5, ""胜/平/负"": ""1/2/0""}"
2026,2026RMUL,RMUL,588,上海站,B组,3,东华大学,https://terra-cn-oss-cdn-public-pro.oss-cn-hangzhou.aliyuncs.com/b2a076471c6c4b72b574a977334d3e05/951ba744-0a29-48c8-8ddd-cfd2f1ab959f,DIODE,3,1/1/1,4,118,7530,4698,"{""全队总伤害血量"": 7530, ""全队机器人总剩余血量"": 4698, ""总净胜胜利点"": 118, ""排名"": 3, ""积分"": 4, ""胜/平/负"": ""1/1/1""}"
2026,2026RMUL,RMUL,588,上海站,B组,4,浙江理工大学,https://terra-cn-oss-cdn-public-pro.oss-cn-hangzhou.aliyuncs.com/b2a076471c6c4b72b574a977334d3e05/0c0fed2e-4c34-47ec-97f6-4b1460e10007,钱塘蛟,4,0/1/2,1,-755,4495,2528,"{""全队总伤害血量"": 4495, ""全队机器人总剩余血量"": 2528, ""总净胜胜利点"": -755, ""排名"": 4, ""积分"": 1, ""胜/平/负"": ""0/1/2""}"
2026,2026RMUL,RMUL,588,上海站,C组,1,上海交通大学,https://hz-rm-bbs-web-prod.oss-cn-hangzhou.aliyuncs.com/60fb7f8b8fed42bebc4af6ba742c217c1761746244661/bf828c7a-f2a9-43fc-ac10-9cdf8eba3226.png,交龙,1,3/0/0,9,889,12178,5644,"{""全队总伤害血量"": 12178, ""全队机器人总剩余血量"": 5644, ""总净胜胜利点"": 889, ""排名"": 1, ""积分"": 9, ""胜/平/负"": ""3/0/0""}"
2026,2026RMUL,RMUL,588,上海站,C组,2,上海电力大学,https://terra-cn-oss-cdn-public-pro.oss-cn-hangzhou.aliyuncs.com/b2a076471c6c4b72b574a977334d3e05/f77f1a86-346f-4206-9822-348e4916c720,灵晔Lightning,2,1/1/1,4,31,7583,3171,"{""全队总伤害血量"": 7583, ""全队机器人总剩余血量"": 3171, ""总净胜胜利点"": 31, ""排名"": 2, ""积分"": 4, ""胜/平/负"": ""1/1/1""}"
2026,2026RMUL,RMUL,588,上海站,C组,3,豫章师范学院,https://terra-cn-oss-cdn-public-pro.oss-cn-hangzhou.aliyuncs.com/b2a076471c6c4b72b574a977334d3e05/d84bb2ec-ee24-4b17-a74d-71ed53072149,YZ Control,3,0/2/1,2,-316,4412,3657,"{""全队总伤害血量"": 4412, ""全队机器人总剩余血量"": 3657, ""总净胜胜利点"": -316, ""排名"": 3, ""积分"": 2, ""胜/平/负"": ""0/2/1""}"
2026,2026RMUL,RMUL,588,上海站,C组,4,苏州工学院,https://hz-rm-bbs-web-prod.oss-cn-hangzhou.aliyuncs.com/1ac5609933c9488c8b7265fc6117b2ed1772524537942/资源 3.png,Restar,4,0/1/2,1,-604,2777,3900,"{""全队总伤害血量"": 2777, ""全队机器人总剩余血量"": 3900, ""总净胜胜利点"": -604, ""排名"": 4, ""积分"": 1, ""胜/平/负"": ""0/1/2""}"
2026,2026RMUL,RMUL,588,上海站,D组,1,华东理工大学,https://terra-cn-oss-cdn-public-pro.oss-cn-hangzhou.aliyuncs.com/b2a076471c6c4b72b574a977334d3e05/bbd1ecfe-4c6a-4b6d-927f-c13e4782d613,起源,1,3/0/0,9,1062,22242,5836,"{""全队总伤害血量"": 22242, ""全队机器人总剩余血量"": 5836, ""总净胜胜利点"": 1062, ""排名"": 1, ""积分"": 9, ""胜/平/负"": ""3/0/0""}"
2026,2026RMUL,RMUL,588,上海站,D组,2,上海大学,https://pro-robomasters-hz-n5i3.oss-cn-hangzhou.aliyuncs.com/teams/1525676429368-logo_blue_800x800.png,SRM,2,2/0/1,6,369,11843,3652,"{""全队总伤害血量"": 11843, ""全队机器人总剩余血量"": 3652, ""总净胜胜利点"": 369, ""排名"": 2, ""积分"": 6, ""胜/平/负"": ""2/0/1""}"
2026,2026RMUL,RMUL,588,上海站,D组,3,闽江学院,https://terra-cn-oss-cdn-public-pro.oss-cn-hangzhou.aliyuncs.com/b2a076471c6c4b72b574a977334d3e05/a320ccb5-8859-42dc-a80d-f30cd5983a24,赤源机甲,3,1/0/2,3,-233,6185,4341,"{""全队总伤害血量"": 6185, ""全队机器人总剩余血量"": 4341, ""总净胜胜利点"": -233, ""排名"": 3, ""积分"": 3, ""胜/平/负"": ""1/0/2""}"
2026,2026RMUL,RMUL,588,上海站,D组,4,浙大城市学院,https://terra-cn-oss-cdn-public-pro.oss-cn-hangzhou.aliyuncs.com/b2a076471c6c4b72b574a977334d3e05/4f016c2c-f447-4c59-b36d-ea7090119ecc,RoboWisdom,4,0/0/3,0,-1198,1928,1503,"{""全队总伤害血量"": 1928, ""全队机器人总剩余血量"": 1503, ""总净胜胜利点"": -1198, ""排名"": 4, ""积分"": 0, ""胜/平/负"": ""0/0/3""}"
2026,2026RMUL,RMUL,588,上海站,E组,1,同济大学,https://pro-robomasters-hz-n5i3.oss-cn-hangzhou.aliyuncs.com/teams/1525665507590-logo_blue_800x800.png,SuperPower,1,3/0/0,9,1036,15824,5828,"{""全队总伤害血量"": 15824, ""全队机器人总剩余血量"": 5828, ""总净胜胜利点"": 1036, ""排名"": 1, ""积分"": 9, ""胜/平/负"": ""3/0/0""}"
2026,2026RMUL,RMUL,588,上海站,E组,2,西藏农牧大学,https://hz-rm-bbs-web-prod.oss-cn-hangzhou.aliyuncs.com/6665fb1f0ed24eec98ddfe91aea011ec1762765166344/be2610d9228cec48d0f11fe10a3bc6d3.png,雪域雄鹰,2,2/0/1,6,195,5461,4715,"{""全队总伤害血量"": 5461, ""全队机器人总剩余血量"": 4715, ""总净胜胜利点"": 195, ""排名"": 2, ""积分"": 6, ""胜/平/负"": ""2/0/1""}"
2026,2026RMUL,RMUL,588,上海站,E组,3,上海理工大学,https://pro-robomasters-hz-n5i3.oss-cn-hangzhou.aliyuncs.com/teams/1525679119524-logo_blue_800x800.png,RoboVigor,3,0/1/2,1,-346,4763,1352,"{""全队总伤害血量"": 4763, ""全队机器人总剩余血量"": 1352, ""总净胜胜利点"": -346, ""排名"": 3, ""积分"": 1, ""胜/平/负"": ""0/1/2""}"
2026,2026RMUL,RMUL,588,上海站,E组,4,浙江大学伊利诺伊大学厄巴纳香槟校区联合学院,https://terra-cn-oss-cdn-public-pro.oss-cn-hangzhou.aliyuncs.com/b2a076471c6c4b72b574a977334d3e05/143881ee-67e2-49fe-897c-f2c55450fbee,Meta ,4,0/1/2,1,-885,3483,4121,"{""全队总伤害血量"": 3483, ""全队机器人总剩余血量"": 4121, ""总净胜胜利点"": -885, ""排名"": 4, ""积分"": 1, ""胜/平/负"": ""0/1/2""}"
2026,2026RMUL,RMUL,588,上海站,F组,1,上海科技大学,https://terra-cn-oss-cdn-public-pro.oss-cn-hangzhou.aliyuncs.com/b2a076471c6c4b72b574a977334d3e05/2b477b2a-e4af-4632-9716-362ce888bc6c,Magician,1,2/1/0,7,591,12863,5281,"{""全队总伤害血量"": 12863, ""全队机器人总剩余血量"": 5281, ""总净胜胜利点"": 591, ""排名"": 1, ""积分"": 7, ""胜/平/负"": ""2/1/0""}"
2026,2026RMUL,RMUL,588,上海站,F组,2,台州学院,https://terra-cn-oss-cdn-public-pro.oss-cn-hangzhou.aliyuncs.com/b2a076471c6c4b72b574a977334d3e05/fe2e62a9-68c4-4d90-bd8f-e3cd9409e4bc,星驰,2,2/0/1,6,677,5052,3737,"{""全队总伤害血量"": 5052, ""全队机器人总剩余血量"": 3737, ""总净胜胜利点"": 677, ""排名"": 2, ""积分"": 6, ""胜/平/负"": ""2/0/1""}"
2026,2026RMUL,RMUL,588,上海站,F组,3,新乡学院,https://hz-rm-bbs-web-prod.oss-cn-hangzhou.aliyuncs.com/d855351d73a940a89b90be7c6094037e1772773425046/微信图片_20251105190044_30_241.png,电创,3,1/1/1,4,-90,6815,4480,"{""全队总伤害血量"": 6815, ""全队机器人总剩余血量"": 4480, ""总净胜胜利点"": -90, ""排名"": 3, ""积分"": 4, ""胜/平/负"": ""1/1/1""}"
2026,2026RMUL,RMUL,588,上海站,F组,4,宁波工程学院,https://terra-cn-oss-cdn-public-pro.oss-cn-hangzhou.aliyuncs.com/b2a076471c6c4b72b574a977334d3e05/d2aac8c4-b7af-4a5f-9cca-911beea0bb71,New Legends,4,0/0/3,0,-1178,2417,3019,"{""全队总伤害血量"": 2417, ""全队机器人总剩余血量"": 3019, ""总净胜胜利点"": -1178, ""排名"": 4, ""积分"": 0, ""胜/平/负"": ""0/0/3""}"
2026,2026RMUL,RMUL,588,上海站,G组,1,武汉工程大学,https://terra-cn-oss-cdn-public-pro.oss-cn-hangzhou.aliyuncs.com/b2a076471c6c4b72b574a977334d3e05/a413c7fa-e03f-4b01-922a-fc05d46aba6f,Nautilus,1,2/1/0,7,770,7704,5054,"{""全队总伤害血量"": 7704, ""全队机器人总剩余血量"": 5054, ""总净胜胜利点"": 770, ""排名"": 1, ""积分"": 7, ""胜/平/负"": ""2/1/0""}"
2026,2026RMUL,RMUL,588,上海站,G组,2,复旦大学,https://terra-cn-oss-cdn-public-pro.oss-cn-hangzhou.aliyuncs.com/b2a076471c6c4b72b574a977334d3e05/3719dffa-2fca-488c-9492-94699b7e2a78,星云EGA,2,2/1/0,7,736,11667,5268,"{""全队总伤害血量"": 11667, ""全队机器人总剩余血量"": 5268, ""总净胜胜利点"": 736, ""排名"": 2, ""积分"": 7, ""胜/平/负"": ""2/1/0""}"
2026,2026RMUL,RMUL,588,上海站,G组,3,集美大学诚毅学院,https://terra-cn-oss-cdn-public-pro.oss-cn-hangzhou.aliyuncs.com/b2a076471c6c4b72b574a977334d3e05/265003dd-8cfd-4f4d-8e67-b2371a86b815,潜渊,3,1/0/2,3,-434,10898,3915,"{""全队总伤害血量"": 10898, ""全队机器人总剩余血量"": 3915, ""总净胜胜利点"": -434, ""排名"": 3, ""积分"": 3, ""胜/平/负"": ""1/0/2""}"
2026,2026RMUL,RMUL,588,上海站,G组,4,江苏航空职业技术学院,https://terra-cn-oss-cdn-public-pro.oss-cn-hangzhou.aliyuncs.com/b2a076471c6c4b72b574a977334d3e05/6f30ddfe-718e-4d07-811b-646985b84ede,飞凡创新,4,0/0/3,0,-1072,710,3828,"{""全队总伤害血量"": 710, ""全队机器人总剩余血量"": 3828, ""总净胜胜利点"": -1072, ""排名"": 4, ""积分"": 0, ""胜/平/负"": ""0/0/3""}"
2026,2026RMUL,RMUL,588,上海站,H组,1,南京航空航天大学金城学院,https://terra-cn-oss-cdn-public-pro.oss-cn-hangzhou.aliyuncs.com/b2a076471c6c4b72b574a977334d3e05/37ffc1d5-bfaa-472a-8584-2158ca7aa8d5,Born of Fire,1,2/0/0,6,642,10930,3358,"{""全队总伤害血量"": 10930, ""全队机器人总剩余血量"": 3358, ""总净胜胜利点"": 642, ""排名"": 1, ""积分"": 6, ""胜/平/负"": ""2/0/0""}"
2026,2026RMUL,RMUL,588,上海站,H组,2,上海电机学院,https://terra-cn-oss-cdn-public-pro.oss-cn-hangzhou.aliyuncs.com/b2a076471c6c4b72b574a977334d3e05/bec216ef-e021-41a3-b01e-adc68c7cbbe8,拾荒,2,1/0/1,3,113,6020,3440,"{""全队总伤害血量"": 6020, ""全队机器人总剩余血量"": 3440, ""总净胜胜利点"": 113, ""排名"": 2, ""积分"": 3, ""胜/平/负"": ""1/0/1""}"
2026,2026RMUL,RMUL,588,上海站,H组,3,宁波诺丁汉大学,https://terra-cn-oss-cdn-public-pro.oss-cn-hangzhou.aliyuncs.com/b2a076471c6c4b72b574a977334d3e05/fac211ba-fd60-4ca8-9a90-65d5f1f3cd9a,AIM,3,0/0/2,0,-755,2680,2338,"{""全队总伤害血量"": 2680, ""全队机器人总剩余血量"": 2338, ""总净胜胜利点"": -755, ""排名"": 3, ""积分"": 0, ""胜/平/负"": ""0/0/2""}"
2026,2026RMUL,RMUL,589,四川站,A组,1,贵州师范大学,https://terra-cn-oss-cdn-public-pro.oss-cn-hangzhou.aliyuncs.com/b2a076471c6c4b72b574a977334d3e05/4b39a5c1-ed51-489a-a1e9-c97337ee0a7a,CEC,1,3/0/0,9,892,16010,5482,"{""全队总伤害血量"": 16010, ""全队机器人总剩余血量"": 5482, ""总净胜胜利点"": 892, ""排名"": 1, ""积分"": 9, ""胜/平/负"": ""3/0/0""}"
2026,2026RMUL,RMUL,589,四川站,A组,2,四川大学,https://pro-robomasters-hz-n5i3.oss-cn-hangzhou.aliyuncs.com/teams/1525667988074-logo_red_800x800.png,火锅,2,1/1/1,4,196,7670,4010,"{""全队总伤害血量"": 7670, ""全队机器人总剩余血量"": 4010, ""总净胜胜利点"": 196, ""排名"": 2, ""积分"": 4, ""胜/平/负"": ""1/1/1""}"
2026,2026RMUL,RMUL,589,四川站,A组,3,香港科技大学（广州）,https://terra-us-pro-rm-prod-pub-us.s3.amazonaws.com/da84bc27e35640e4b9feecd839639d57/7324a5d9-4801-4616-bbdc-ac1527b7f51d,PnX,3,1/1/1,4,-125,10522,4058,"{""全队总伤害血量"": 10522, ""全队机器人总剩余血量"": 4058, ""总净胜胜利点"": -125, ""排名"": 3, ""积分"": 4, ""胜/平/负"": ""1/1/1""}"
2026,2026RMUL,RMUL,589,四川站,A组,4,成都工业学院,https://hz-rm-bbs-web-prod.oss-cn-hangzhou.aliyuncs.com/97dbcdc39b684538920b5982bc0c41d21762249833764/output1.png,涉科赛思,4,0/0/3,0,-963,6091,3790,"{""全队总伤害血量"": 6091, ""全队机器人总剩余血量"": 3790, ""总净胜胜利点"": -963, ""排名"": 4, ""积分"": 0, ""胜/平/负"": ""0/0/3""}"
2026,2026RMUL,RMUL,589,四川站,B组,1,桂林理工大学,https://pro-robomasters-hz-n5i3.oss-cn-hangzhou.aliyuncs.com/teams/1525675274637-logo_blue_800x800.png,群星,1,2/1/0,7,794,13380,5060,"{""全队总伤害血量"": 13380, ""全队机器人总剩余血量"": 5060, ""总净胜胜利点"": 794, ""排名"": 1, ""积分"": 7, ""胜/平/负"": ""2/1/0""}"
2026,2026RMUL,RMUL,589,四川站,B组,2,广东工商职业技术大学,https://terra-cn-oss-cdn-public-pro.oss-cn-hangzhou.aliyuncs.com/b2a076471c6c4b72b574a977334d3e05/08485316-b5c0-412b-810a-1a6a3df683b1,Alistun,2,1/2/0,5,276,14773,3700,"{""全队总伤害血量"": 14773, ""全队机器人总剩余血量"": 3700, ""总净胜胜利点"": 276, ""排名"": 2, ""积分"": 5, ""胜/平/负"": ""1/2/0""}"
2026,2026RMUL,RMUL,589,四川站,B组,3,湖南工程学院,https://terra-cn-oss-cdn-public-pro.oss-cn-hangzhou.aliyuncs.com/b2a076471c6c4b72b574a977334d3e05/c4e87ce1-030d-40a7-bb83-8a21dbe6f59f,Vortex,3,1/1/1,4,-146,11528,3182,"{""全队总伤害血量"": 11528, ""全队机器人总剩余血量"": 3182, ""总净胜胜利点"": -146, ""排名"": 3, ""积分"": 4, ""胜/平/负"": ""1/1/1""}"
2026,2026RMUL,RMUL,589,四川站,B组,4,昆明理工大学津桥学院,https://terra-cn-oss-cdn-public-pro.oss-cn-hangzhou.aliyuncs.com/b2a076471c6c4b72b574a977334d3e05/7360dfb5-233c-4e81-916a-e78e6529de26,Courage,4,0/0/3,0,-924,4784,3266,"{""全队总伤害血量"": 4784, ""全队机器人总剩余血量"": 3266, ""总净胜胜利点"": -924, ""排名"": 4, ""积分"": 0, ""胜/平/负"": ""0/0/3""}"
2026,2026RMUL,RMUL,589,四川站,C组,1,西南交通大学,https://terra-cn-oss-cdn-public-pro.oss-cn-hangzhou.aliyuncs.com/b2a076471c6c4b72b574a977334d3e05/ba554754-e072-434f-93df-41dcb53ce29b,Helios,1,3/0/0,9,724,11909,3751,"{""全队总伤害血量"": 11909, ""全队机器人总剩余血量"": 3751, ""总净胜胜利点"": 724, ""排名"": 1, ""积分"": 9, ""胜/平/负"": ""3/0/0""}"
2026,2026RMUL,RMUL,589,四川站,C组,2,武汉理工大学,https://terra-cn-oss-cdn-public-pro.oss-cn-hangzhou.aliyuncs.com/b2a076471c6c4b72b574a977334d3e05/14a46b3e-a83e-41b3-b3cd-81751e33d5f5,PRIME,2,1/1/1,4,235,8176,4376,"{""全队总伤害血量"": 8176, ""全队机器人总剩余血量"": 4376, ""总净胜胜利点"": 235, ""排名"": 2, ""积分"": 4, ""胜/平/负"": ""1/1/1""}"
2026,2026RMUL,RMUL,589,四川站,C组,3,广西师范大学,https://terra-cn-oss-cdn-public-pro.oss-cn-hangzhou.aliyuncs.com/b2a076471c6c4b72b574a977334d3e05/8985d027-957d-4bba-8488-9ba6c3cc6791,虎师,3,1/1/1,4,130,13797,4975,"{""全队总伤害血量"": 13797, ""全队机器人总剩余血量"": 4975, ""总净胜胜利点"": 130, ""排名"": 3, ""积分"": 4, ""胜/平/负"": ""1/1/1""}"
2026,2026RMUL,RMUL,589,四川站,C组,4,贵阳人文科技学院,https://terra-cn-oss-cdn-public-pro.oss-cn-hangzhou.aliyuncs.com/b2a076471c6c4b72b574a977334d3e05/1218df93-7f82-4749-893b-d9bd18b5fa15,BIU,4,0/0/3,0,-1089,1421,5040,"{""全队总伤害血量"": 1421, ""全队机器人总剩余血量"": 5040, ""总净胜胜利点"": -1089, ""排名"": 4, ""积分"": 0, ""胜/平/负"": ""0/0/3""}"
2026,2026RMUL,RMUL,589,四川站,D组,1,成都信息工程大学,https://terra-cn-oss-cdn-public-pro.oss-cn-hangzhou.aliyuncs.com/b2a076471c6c4b72b574a977334d3e05/c83fcba7-7bb8-45c5-ab64-d808d3ff80f0,风信子,1,3/0/0,9,1099,8305,4830,"{""全队总伤害血量"": 8305, ""全队机器人总剩余血量"": 4830, ""总净胜胜利点"": 1099, ""排名"": 1, ""积分"": 9, ""胜/平/负"": ""3/0/0""}"
2026,2026RMUL,RMUL,589,四川站,D组,2,陕西科技大学,https://rm-static.djicdn.com/games-backend/69d1a71d-89df-468f-a187-6bee4a3d4724,BattleSwanX,2,1/1/1,4,52,5749,4472,"{""全队总伤害血量"": 5749, ""全队机器人总剩余血量"": 4472, ""总净胜胜利点"": 52, ""排名"": 2, ""积分"": 4, ""胜/平/负"": ""1/1/1""}"
2026,2026RMUL,RMUL,589,四川站,D组,3,深圳北理莫斯科大学,https://terra-cn-oss-cdn-public-pro.oss-cn-hangzhou.aliyuncs.com/b2a076471c6c4b72b574a977334d3e05/fa0e6454-0a79-4a01-8f51-54e77d8fbf61,北极熊,3,1/1/1,4,40,9032,4354,"{""全队总伤害血量"": 9032, ""全队机器人总剩余血量"": 4354, ""总净胜胜利点"": 40, ""排名"": 3, ""积分"": 4, ""胜/平/负"": ""1/1/1""}"
2026,2026RMUL,RMUL,589,四川站,D组,4,西北农林科技大学,https://pro-robomasters-hz-n5i3.oss-cn-hangzhou.aliyuncs.com/teams/1525673449278-logo_glod_800x800.png,猎隼,4,0/0/3,0,-1191,976,2577,"{""全队总伤害血量"": 976, ""全队机器人总剩余血量"": 2577, ""总净胜胜利点"": -1191, ""排名"": 4, ""积分"": 0, ""胜/平/负"": ""0/0/3""}"
2026,2026RMUL,RMUL,589,四川站,E组,1,广州铁路职业技术学院,https://terra-cn-oss-cdn-public-pro.oss-cn-hangzhou.aliyuncs.com/b2a076471c6c4b72b574a977334d3e05/60ecfbd4-ba87-47f7-b3a3-8ac174038d74,IRONR,1,3/0/0,9,856,12186,3712,"{""全队总伤害血量"": 12186, ""全队机器人总剩余血量"": 3712, ""总净胜胜利点"": 856, ""排名"": 1, ""积分"": 9, ""胜/平/负"": ""3/0/0""}"
2026,2026RMUL,RMUL,589,四川站,E组,2,南昌理工学院,https://terra-cn-oss-cdn-public-pro.oss-cn-hangzhou.aliyuncs.com/b2a076471c6c4b72b574a977334d3e05/a3ee9ae6-8d16-4a7f-be34-445d432e2a3c,新跃,2,1/1/1,4,-61,6225,2850,"{""全队总伤害血量"": 6225, ""全队机器人总剩余血量"": 2850, ""总净胜胜利点"": -61, ""排名"": 2, ""积分"": 4, ""胜/平/负"": ""1/1/1""}"
2026,2026RMUL,RMUL,589,四川站,E组,3,四川大学锦江学院,https://terra-cn-oss-cdn-public-pro.oss-cn-hangzhou.aliyuncs.com/b2a076471c6c4b72b574a977334d3e05/71615452-2106-4ce7-8423-4f364a81720d,攀登者,3,0/2/1,2,-87,8857,2713,"{""全队总伤害血量"": 8857, ""全队机器人总剩余血量"": 2713, ""总净胜胜利点"": -87, ""排名"": 3, ""积分"": 2, ""胜/平/负"": ""0/2/1""}"
2026,2026RMUL,RMUL,589,四川站,E组,4,西南石油大学,https://terra-cn-oss-cdn-public-pro.oss-cn-hangzhou.aliyuncs.com/b2a076471c6c4b72b574a977334d3e05/d54803f3-1758-4597-b85d-9db75b9a37e7,铁人,4,0/1/2,1,-708,8902,4616,"{""全队总伤害血量"": 8902, ""全队机器人总剩余血量"": 4616, ""总净胜胜利点"": -708, ""排名"": 4, ""积分"": 1, ""胜/平/负"": ""0/1/2""}"
2026,2026RMUL,RMUL,589,四川站,F组,1,云南大学,https://rm-static.djicdn.com/games-backend/1be57e6f-a974-4a97-83cf-8a5f900a7bb5,Future,1,2/1/0,7,670,11375,4940,"{""全队总伤害血量"": 11375, ""全队机器人总剩余血量"": 4940, ""总净胜胜利点"": 670, ""排名"": 1, ""积分"": 7, ""胜/平/负"": ""2/1/0""}"
2026,2026RMUL,RMUL,589,四川站,F组,2,成都大学,https://terra-cn-oss-cdn-public-pro.oss-cn-hangzhou.aliyuncs.com/b2a076471c6c4b72b574a977334d3e05/3b03a9b4-d828-472c-9fd1-69e7087800af,Ultra,2,2/1/0,7,370,14289,3792,"{""全队总伤害血量"": 14289, ""全队机器人总剩余血量"": 3792, ""总净胜胜利点"": 370, ""排名"": 2, ""积分"": 7, ""胜/平/负"": ""2/1/0""}"
2026,2026RMUL,RMUL,589,四川站,F组,3,中山大学,https://pro-robomasters-hz-n5i3.oss-cn-hangzhou.aliyuncs.com/teams/1525673918202-logo_green_800x800.png,Venom,3,0/1/2,1,-315,10591,3477,"{""全队总伤害血量"": 10591, ""全队机器人总剩余血量"": 3477, ""总净胜胜利点"": -315, ""排名"": 3, ""积分"": 1, ""胜/平/负"": ""0/1/2""}"
2026,2026RMUL,RMUL,589,四川站,F组,4,香港中文大学（深圳）,https://terra-us-pro-rm-prod-pub-us.s3.amazonaws.com/da84bc27e35640e4b9feecd839639d57/ddee8069-0d8f-46b2-a46e-111a7ac9e48b,过岗龙,4,0/1/2,1,-725,6387,3450,"{""全队总伤害血量"": 6387, ""全队机器人总剩余血量"": 3450, ""总净胜胜利点"": -725, ""排名"": 4, ""积分"": 1, ""胜/平/负"": ""0/1/2""}"
2026,2026RMUL,RMUL,589,四川站,G组,1,电子科技大学成都学院,https://terra-cn-oss-cdn-public-pro.oss-cn-hangzhou.aliyuncs.com/b2a076471c6c4b72b574a977334d3e05/2b517283-b98a-4d58-8ea2-aa9bbacf75bf,微城市,1,3/0/0,9,993,9904,3698,"{""全队总伤害血量"": 9904, ""全队机器人总剩余血量"": 3698, ""总净胜胜利点"": 993, ""排名"": 1, ""积分"": 9, ""胜/平/负"": ""3/0/0""}"
2026,2026RMUL,RMUL,589,四川站,G组,2,华南师范大学（佛山校区）,https://terra-cn-oss-cdn-public-pro.oss-cn-hangzhou.aliyuncs.com/b2a076471c6c4b72b574a977334d3e05/da385649-5afe-4072-af0c-076884bdfd0a,VANGUARD,2,2/0/1,6,397,8456,2948,"{""全队总伤害血量"": 8456, ""全队机器人总剩余血量"": 2948, ""总净胜胜利点"": 397, ""排名"": 2, ""积分"": 6, ""胜/平/负"": ""2/0/1""}"
2026,2026RMUL,RMUL,589,四川站,G组,3,香港大学,https://hz-rm-bbs-web-prod.oss-cn-hangzhou.aliyuncs.com/bd149d4678f0498a9356464ccae4e1701772779193025/校徽.png,HerKules,3,0/1/2,1,-630,5228,3086,"{""全队总伤害血量"": 5228, ""全队机器人总剩余血量"": 3086, ""总净胜胜利点"": -630, ""排名"": 3, ""积分"": 1, ""胜/平/负"": ""0/1/2""}"
2026,2026RMUL,RMUL,589,四川站,G组,4,西南民族大学,https://pro-robomasters-hz-n5i3.oss-cn-hangzhou.aliyuncs.com/teams/1525666865806-logo_red_800x800.png,新竹,4,0/1/2,1,-760,4508,3358,"{""全队总伤害血量"": 4508, ""全队机器人总剩余血量"": 3358, ""总净胜胜利点"": -760, ""排名"": 4, ""积分"": 1, ""胜/平/负"": ""0/1/2""}"
2026,2026RMUL,RMUL,589,四川站,H组,1,仲恺农业工程学院,https://pro-robomasters-hz-n5i3.oss-cn-hangzhou.aliyuncs.com/teams/1525667218422-logo_green_800x800.png,奇点,1,3/0/0,9,936,11191,5510,"{""全队总伤害血量"": 11191, ""全队机器人总剩余血量"": 5510, ""总净胜胜利点"": 936, ""排名"": 1, ""积分"": 9, ""胜/平/负"": ""3/0/0""}"
2026,2026RMUL,RMUL,589,四川站,H组,2,河南科技大学,https://terra-cn-oss-cdn-public-pro.oss-cn-hangzhou.aliyuncs.com/b2a076471c6c4b72b574a977334d3e05/35a46062-f11a-487a-ad40-77458a64c194,鼎行双创,2,2/0/1,6,411,8439,4098,"{""全队总伤害血量"": 8439, ""全队机器人总剩余血量"": 4098, ""总净胜胜利点"": 411, ""排名"": 2, ""积分"": 6, ""胜/平/负"": ""2/0/1""}"
2026,2026RMUL,RMUL,589,四川站,H组,3,湖南大学,https://terra-cn-oss-cdn-public-pro.oss-cn-hangzhou.aliyuncs.com/b2a076471c6c4b72b574a977334d3e05/8db8bef2-2417-4063-9477-50bae6bc50e7,跃鹿,3,1/0/2,3,-147,8032,4568,"{""全队总伤害血量"": 8032, ""全队机器人总剩余血量"": 4568, ""总净胜胜利点"": -147, ""排名"": 3, ""积分"": 3, ""胜/平/负"": ""1/0/2""}"
2026,2026RMUL,RMUL,589,四川站,H组,4,青海大学,https://terra-cn-oss-cdn-public-pro.oss-cn-hangzhou.aliyuncs.com/b2a076471c6c4b72b574a977334d3e05/27a6dc62-73d9-423c-8ab8-f42a3e31bb13,河湟谷人,4,0/0/3,0,-1200,60,5500,"{""全队总伤害血量"": 60, ""全队机器人总剩余血量"": 5500, ""总净胜胜利点"": -1200, ""排名"": 4, ""积分"": 0, ""胜/平/负"": ""0/0/3""}"
