season,event_code,league,event_title,zone_id,zone_name,zone_type,group_id,group_name,player_id,player_name,player_rank,player_score,team_id,team_name,college_name,college_logo
2026,2026RMUL,RMUL,RoboMaster 2026 高校联盟赛-3V3对抗赛,581,安徽站,GROUP_ZONE,2587,A,11184,A1,1,9,683,WDR,合肥工业大学（宣城校区）,https://rm-static.djicdn.com/games-backend/6b928c7e-4ab6-48ab-8a5a-39836fd182c7
2026,2026RMUL,RMUL,RoboMaster 2026 高校联盟赛-3V3对抗赛,581,安徽站,GROUP_ZONE,2587,A,11185,A2,4,0,3049,工夫,广东以色列理工学院,https://terra-cn-oss-cdn-public-pro.oss-cn-hangzhou.aliyuncs.com/b2a076471c6c4b72b574a977334d3e05/bb951d31-0df1-4da6-a4b7-8939c60910ac
2026,2026RMUL,RMUL,RoboMaster 2026 高校联盟赛-3V3对抗赛,581,安徽站,GROUP_ZONE,2587,A,11186,A3,3,3,2806,巡天御风,南京航空航天大学（天目湖校区）,https://terra-cn-oss-cdn-public-pro.oss-cn-hangzhou.aliyuncs.com/b2a076471c6c4b72b574a977334d3e05/623e992f-f617-4e90-ad03-3b95a861ab85
2026,2026RMUL,RMUL,RoboMaster 2026 高校联盟赛-3V3对抗赛,581,安徽站,GROUP_ZONE,2587,A,11187,A4,2,6,3032,京喜,武汉华夏理工学院,https://terra-cn-oss-cdn-public-pro.oss-cn-hangzhou.aliyuncs.com/b2a076471c6c4b72b574a977334d3e05/e2f749d3-2ddd-4cb4-ac73-a47be023fb2e
2026,2026RMUL,RMUL,RoboMaster 2026 高校联盟赛-3V3对抗赛,581,安徽站,GROUP_ZONE,2588,B,11188,B1,2,3,676,Climber,常州大学,https://terra-cn-oss-cdn-public-pro.oss-cn-hangzhou.aliyuncs.com/b2a076471c6c4b72b574a977334d3e05/e8a579bb-264e-4eee-88b7-ccc1a64b4729
2026,2026RMUL,RMUL,RoboMaster 2026 高校联盟赛-3V3对抗赛,581,安徽站,GROUP_ZONE,2588,B,11189,B2,3,0,3019,机械之心,湖北科技学院,https://terra-cn-oss-cdn-public-pro.oss-cn-hangzhou.aliyuncs.com/b2a076471c6c4b72b574a977334d3e05/8ae0f7b4-daab-41ea-b4b8-6382749defc0
2026,2026RMUL,RMUL,RoboMaster 2026 高校联盟赛-3V3对抗赛,581,安徽站,GROUP_ZONE,2588,B,11190,B3,1,6,3084,潜云DGE,湖北第二师范学院,https://terra-cn-oss-cdn-public-pro.oss-cn-hangzhou.aliyuncs.com/b2a076471c6c4b72b574a977334d3e05/ed5b9c10-06f5-4774-98ef-725b9ed40fe8
2026,2026RMUL,RMUL,RoboMaster 2026 高校联盟赛-3V3对抗赛,581,安徽站,GROUP_ZONE,2589,C,11191,C1,1,6,682,RoboWalker,中国科学技术大学,https://hz-rm-bbs-web-prod.oss-cn-hangzhou.aliyuncs.com/096f1b222fd545e2ac0de6ece5f2abf11772631439377/中国科学技术大学校徽.png
2026,2026RMUL,RMUL,RoboMaster 2026 高校联盟赛-3V3对抗赛,581,安徽站,GROUP_ZONE,2589,C,11193,C2,2,3,1526,洪鹰,南昌航空大学,https://terra-cn-oss-cdn-public-pro.oss-cn-hangzhou.aliyuncs.com/b2a076471c6c4b72b574a977334d3e05/40378f76-e8b9-4f0a-99b5-332f98d87f8e
2026,2026RMUL,RMUL,RoboMaster 2026 高校联盟赛-3V3对抗赛,581,安徽站,GROUP_ZONE,2589,C,11195,C3,3,0,3048,lamb,武汉生物工程学院,https://terra-cn-oss-cdn-public-pro.oss-cn-hangzhou.aliyuncs.com/b2a076471c6c4b72b574a977334d3e05/b658fd29-95c0-4655-9848-c92327f5ff27
2026,2026RMUL,RMUL,RoboMaster 2026 高校联盟赛-3V3对抗赛,581,安徽站,GROUP_ZONE,2590,D,11192,D1,2,3,133,ENTERPRIZE,香港科技大学,https://terra-us-pro-rm-prod-pub-us.s3.amazonaws.com/da84bc27e35640e4b9feecd839639d57/b3b3847d-535c-47a4-bc43-b694cb2d7ca9
2026,2026RMUL,RMUL,RoboMaster 2026 高校联盟赛-3V3对抗赛,581,安徽站,GROUP_ZONE,2590,D,11194,D2,3,0,3047,天启,江西工程学院,https://terra-cn-oss-cdn-public-pro.oss-cn-hangzhou.aliyuncs.com/b2a076471c6c4b72b574a977334d3e05/ebf462d3-67a4-410e-8997-907eec11eb9f
2026,2026RMUL,RMUL,RoboMaster 2026 高校联盟赛-3V3对抗赛,581,安徽站,GROUP_ZONE,2590,D,11196,D3,1,6,2755,开拓者,江苏开放大学,https://terra-cn-oss-cdn-public-pro.oss-cn-hangzhou.aliyuncs.com/b2a076471c6c4b72b574a977334d3e05/e4bb7bfb-38ee-494d-a733-4729a481a70e
2026,2026RMUL,RMUL,RoboMaster 2026 高校联盟赛-3V3对抗赛,581,安徽站,GROUP_ZONE,2591,E,11197,E1,1,9,151,FYT,中南大学,https://pro-robomasters-hz-n5i3.oss-cn-hangzhou.aliyuncs.com/teams/1525676967503-logo_blue_800x800.png
2026,2026RMUL,RMUL,RoboMaster 2026 高校联盟赛-3V3对抗赛,581,安徽站,GROUP_ZONE,2591,E,11198,E2,3,3,3086,迹屿,阳光学院,https://hz-rm-bbs-web-prod.oss-cn-hangzhou.aliyuncs.com/58c02b5c314a4ba29fca9960bf59ff091762749945188/校徽.png
2026,2026RMUL,RMUL,RoboMaster 2026 高校联盟赛-3V3对抗赛,581,安徽站,GROUP_ZONE,2591,E,11199,E3,2,6,1498,崇实,武汉科技大学,https://hz-rm-bbs-web-prod.oss-cn-hangzhou.aliyuncs.com/884b768f5be84ed1aca7b8aeeeed61a71761836966818/1 标准标志.png
2026,2026RMUL,RMUL,RoboMaster 2026 高校联盟赛-3V3对抗赛,581,安徽站,GROUP_ZONE,2591,E,11200,E4,4,0,1553,Supremacy,安徽大学,https://terra-cn-oss-cdn-public-pro.oss-cn-hangzhou.aliyuncs.com/b2a076471c6c4b72b574a977334d3e05/e5ca0f5c-692b-4ddf-ac7e-473f21f9c80d
2026,2026RMUL,RMUL,RoboMaster 2026 高校联盟赛-3V3对抗赛,581,安徽站,GROUP_ZONE,2592,F,11201,F1,3,1,34,Artisans,安徽信息工程学院,https://pro-robomasters-hz-n5i3.oss-cn-hangzhou.aliyuncs.com/teams/1525668159005-logo_blue_800x800.png
2026,2026RMUL,RMUL,RoboMaster 2026 高校联盟赛-3V3对抗赛,581,安徽站,GROUP_ZONE,2592,F,11202,F2,2,2,823,鸿烈,安徽理工大学,https://terra-cn-oss-cdn-public-pro.oss-cn-hangzhou.aliyuncs.com/b2a076471c6c4b72b574a977334d3e05/f7a96439-26ca-4014-a332-4a4c5737d12f
2026,2026RMUL,RMUL,RoboMaster 2026 高校联盟赛-3V3对抗赛,581,安徽站,GROUP_ZONE,2592,F,11203,F3,1,4,3087,征途Uprising,珠海科技学院,https://terra-cn-oss-cdn-public-pro.oss-cn-hangzhou.aliyuncs.com/b2a076471c6c4b72b574a977334d3e05/93950dc1-4e93-4a64-afac-e9c8dc03d4c0
2026,2026RMUL,RMUL,RoboMaster 2026 高校联盟赛-3V3对抗赛,581,安徽站,GROUP_ZONE,2595,G,11204,G1,1,4,53,狼牙,华中科技大学,https://pro-robomasters-hz-n5i3.oss-cn-hangzhou.aliyuncs.com/teams/1525675209294-logo_blue_800x800.png
2026,2026RMUL,RMUL,RoboMaster 2026 高校联盟赛-3V3对抗赛,581,安徽站,GROUP_ZONE,2595,G,11205,G2,3,1,3024,Together ,湖南农业大学,https://terra-cn-oss-cdn-public-pro.oss-cn-hangzhou.aliyuncs.com/b2a076471c6c4b72b574a977334d3e05/c38f6a85-10cb-4058-9ac4-000848c56922
2026,2026RMUL,RMUL,RoboMaster 2026 高校联盟赛-3V3对抗赛,581,安徽站,GROUP_ZONE,2595,G,11206,G3,2,3,25,力创RM,湖北工业大学,https://pro-robomasters-hz-n5i3.oss-cn-hangzhou.aliyuncs.com/teams/1525667615591-logo_blue_800x800.png
2026,2026RMUL,RMUL,RoboMaster 2026 高校联盟赛-3V3对抗赛,581,安徽站,GROUP_ZONE,2596,H,11207,H1,1,4,703,苍穹,合肥工业大学,https://rm-static.djicdn.com/games-backend/6b928c7e-4ab6-48ab-8a5a-39836fd182c7
2026,2026RMUL,RMUL,RoboMaster 2026 高校联盟赛-3V3对抗赛,581,安徽站,GROUP_ZONE,2596,H,11208,H2,3,0,3083,棠海电龙,常州机电职业技术学院,https://hz-rm-bbs-web-prod.oss-cn-hangzhou.aliyuncs.com/761409808b7e4af1b1bf4cec282bb82d1761741897334/微信图片_20251029201932_23_293.png
2026,2026RMUL,RMUL,RoboMaster 2026 高校联盟赛-3V3对抗赛,581,安徽站,GROUP_ZONE,2596,H,11209,H3,2,4,184,浮舟湿地,福州大学,https://terra-cn-oss-cdn-public-pro.oss-cn-hangzhou.aliyuncs.com/b2a076471c6c4b72b574a977334d3e05/e493fa1e-adae-4bf9-9ca8-9e524acd3b82
2026,2026RMUL,RMUL,RoboMaster 2026 高校联盟赛-3V3对抗赛,582,华南站,GROUP_ZONE,2575,A,11147,A1,1,6,453,DynamicX,广东工业大学,https://terra-cn-oss-cdn-public-pro.oss-cn-hangzhou.aliyuncs.com/b2a076471c6c4b72b574a977334d3e05/257785f9-4ac3-4369-8e60-49ffe0b141e8
2026,2026RMUL,RMUL,RoboMaster 2026 高校联盟赛-3V3对抗赛,582,华南站,GROUP_ZONE,2575,A,11152,A2,2,3,3109,撼龙,深圳信息职业技术大学,https://hz-rm-bbs-web-prod.oss-cn-hangzhou.aliyuncs.com/b3f80920b08b456aaf5b717a5fa8481e1772679483025/IMG_202603054967_800x800.png
2026,2026RMUL,RMUL,RoboMaster 2026 高校联盟赛-3V3对抗赛,582,华南站,GROUP_ZONE,2575,A,11158,A3,3,0,727,District 46,惠州学院,https://terra-us-pro-rm-prod-pub-us.s3.amazonaws.com/da84bc27e35640e4b9feecd839639d57/f80fcacd-41b4-4a44-aac4-b7f2d7c43b8b
2026,2026RMUL,RMUL,RoboMaster 2026 高校联盟赛-3V3对抗赛,582,华南站,GROUP_ZONE,2576,B,11149,B1,2,1,179,华南虎,华南理工大学,https://terra-cn-oss-cdn-public-pro.oss-cn-hangzhou.aliyuncs.com/b2a076471c6c4b72b574a977334d3e05/b81c5a92-dc8f-479d-97b4-d531a39ce70b
2026,2026RMUL,RMUL,RoboMaster 2026 高校联盟赛-3V3对抗赛,582,华南站,GROUP_ZONE,2576,B,11151,B2,3,1,1531,毅恒,北京理工大学（珠海）,https://hz-rm-bbs-web-prod.oss-cn-hangzhou.aliyuncs.com/fd9fe62ea89441c085a5b6d7efdf83c21772537363037/41aed6e0892b82b69ee0fbc471a8d3db.png
2026,2026RMUL,RMUL,RoboMaster 2026 高校联盟赛-3V3对抗赛,582,华南站,GROUP_ZONE,2576,B,11156,B3,1,6,1497,ICBK破冰船,广州航海学院,https://terra-cn-oss-cdn-public-pro.oss-cn-hangzhou.aliyuncs.com/b2a076471c6c4b72b574a977334d3e05/4b1cd184-22e5-4e62-b74c-b826d16415fe
2026,2026RMUL,RMUL,RoboMaster 2026 高校联盟赛-3V3对抗赛,582,华南站,GROUP_ZONE,2577,C,11159,C1,2,4,729,南工骁鹰,哈尔滨工业大学（深圳）,https://terra-cn-oss-cdn-public-pro.oss-cn-hangzhou.aliyuncs.com/b2a076471c6c4b72b574a977334d3e05/e67c1d7c-25e6-4491-9f63-58c7bdba727e
2026,2026RMUL,RMUL,RoboMaster 2026 高校联盟赛-3V3对抗赛,582,华南站,GROUP_ZONE,2577,C,11160,C2,1,4,3037,Inventor,广东轻工职业技术大学,https://hz-rm-bbs-web-prod.oss-cn-hangzhou.aliyuncs.com/00fb0558415646ec97ad20ae7ca3bd021762222081970/标准标识-校徽.png
2026,2026RMUL,RMUL,RoboMaster 2026 高校联盟赛-3V3对抗赛,582,华南站,GROUP_ZONE,2577,C,11161,C3,3,0,3045,浪潮,广东海洋大学,https://terra-cn-oss-cdn-public-pro.oss-cn-hangzhou.aliyuncs.com/b2a076471c6c4b72b574a977334d3e05/4635e1c8-0428-4b25-9560-adaba197d770
2026,2026RMUL,RMUL,RoboMaster 2026 高校联盟赛-3V3对抗赛,582,华南站,GROUP_ZONE,2578,D,11145,D1,1,6,124,Taurus,华南农业大学,https://hz-rm-bbs-web-prod.oss-cn-hangzhou.aliyuncs.com/c8db6f26e28841fba220adc7710b07871762017323697/img_v3_02rk_5db0ce6e-139d-4242-ac48-5a2a0e25056g.png
2026,2026RMUL,RMUL,RoboMaster 2026 高校联盟赛-3V3对抗赛,582,华南站,GROUP_ZONE,2578,D,11150,D2,2,3,1529,擎天,广东交通职业技术学院,https://terra-cn-oss-cdn-public-pro.oss-cn-hangzhou.aliyuncs.com/b2a076471c6c4b72b574a977334d3e05/51edbdc5-af8a-460f-bedf-e6dd618f8346
2026,2026RMUL,RMUL,RoboMaster 2026 高校联盟赛-3V3对抗赛,582,华南站,GROUP_ZONE,2578,D,11153,D3,3,0,1520,南風,广州南方学院,https://terra-cn-oss-cdn-public-pro.oss-cn-hangzhou.aliyuncs.com/b2a076471c6c4b72b574a977334d3e05/ba5c9354-6a31-45dd-b0bb-d3cbc090236c
2026,2026RMUL,RMUL,RoboMaster 2026 高校联盟赛-3V3对抗赛,582,华南站,GROUP_ZONE,2579,E,11144,E1,2,3,159,ARTINX,南方科技大学,https://pro-robomasters-hz-n5i3.oss-cn-hangzhou.aliyuncs.com/teams/1525665910623-logo_orange_800x800.png
2026,2026RMUL,RMUL,RoboMaster 2026 高校联盟赛-3V3对抗赛,582,华南站,GROUP_ZONE,2579,E,11146,E2,1,6,106,醒狮,佛山大学,https://hz-rm-bbs-web-prod.oss-cn-hangzhou.aliyuncs.com/12af8ff6ddcf485aaee6e967a09db4c51772771556030/8c88f498-f507-46b6-b4fa-c4e0da189364.png
2026,2026RMUL,RMUL,RoboMaster 2026 高校联盟赛-3V3对抗赛,582,华南站,GROUP_ZONE,2579,E,11148,E3,3,0,3108,庆园阁,广州大学,https://hz-rm-bbs-web-prod.oss-cn-hangzhou.aliyuncs.com/a776473aa2ad4fcca6bac0e85fa09d6f1772716415500/gzhu-800x800.png
2026,2026RMUL,RMUL,RoboMaster 2026 高校联盟赛-3V3对抗赛,582,华南站,GROUP_ZONE,2580,F,11154,F1,2,3,26,RobotPilots,深圳大学,https://pro-robomasters-hz-n5i3.oss-cn-hangzhou.aliyuncs.com/teams/1525667668942-logo_red_800x800.png
2026,2026RMUL,RMUL,RoboMaster 2026 高校联盟赛-3V3对抗赛,582,华南站,GROUP_ZONE,2580,F,11155,F2,3,0,2757,RCIA,深圳职业技术大学,https://terra-cn-oss-cdn-public-pro.oss-cn-hangzhou.aliyuncs.com/b2a076471c6c4b72b574a977334d3e05/c4e80f93-0bbb-49b4-b391-0b6671351c1b
2026,2026RMUL,RMUL,RoboMaster 2026 高校联盟赛-3V3对抗赛,582,华南站,GROUP_ZONE,2580,F,11157,F3,1,6,1513,野狼,广州城市理工学院,https://terra-cn-oss-cdn-public-pro.oss-cn-hangzhou.aliyuncs.com/b2a076471c6c4b72b574a977334d3e05/9365936c-3c07-449d-8e0e-2ed9e050e0f3
2026,2026RMUL,RMUL,RoboMaster 2026 高校联盟赛-3V3对抗赛,582,华南站,GROUP_ZONE,2581,G,11162,G1,1,6,96,IMCA,五邑大学,https://pro-robomasters-hz-n5i3.oss-cn-hangzhou.aliyuncs.com/teams/1525678640816-logo_glod_800x800.png
2026,2026RMUL,RMUL,RoboMaster 2026 高校联盟赛-3V3对抗赛,582,华南站,GROUP_ZONE,2581,G,11163,G2,3,0,2761,南海鲨,海南大学,https://terra-cn-oss-cdn-public-pro.oss-cn-hangzhou.aliyuncs.com/b2a076471c6c4b72b574a977334d3e05/144627fb-8595-46ef-a4ed-68d0a340f7a4
2026,2026RMUL,RMUL,RoboMaster 2026 高校联盟赛-3V3对抗赛,582,华南站,GROUP_ZONE,2581,G,11164,G3,2,3,726,悍匠,深圳技术大学,https://terra-cn-oss-cdn-public-pro.oss-cn-hangzhou.aliyuncs.com/b2a076471c6c4b72b574a977334d3e05/d6d0f220-ef43-4e8b-9805-bf5d2e516b06
2026,2026RMUL,RMUL,RoboMaster 2026 高校联盟赛-3V3对抗赛,582,华南站,GROUP_ZONE,2582,H,11165,H1,2,3,830,RoboBraver,电子科技大学中山学院,https://terra-cn-oss-cdn-public-pro.oss-cn-hangzhou.aliyuncs.com/b2a076471c6c4b72b574a977334d3e05/6784aac0-42fc-4ffd-9e1c-cc27427022e3
2026,2026RMUL,RMUL,RoboMaster 2026 高校联盟赛-3V3对抗赛,582,华南站,GROUP_ZONE,2582,H,11166,H2,1,6,47,ACE,东莞理工学院,https://rm-static.djicdn.com/games-backend/ef8c032e-9c30-467d-afc0-81ee5475cfe3
2026,2026RMUL,RMUL,RoboMaster 2026 高校联盟赛-3V3对抗赛,582,华南站,GROUP_ZONE,2582,H,11167,H3,3,0,198,PIONEER,华南师范大学,https://terra-cn-oss-cdn-public-pro.oss-cn-hangzhou.aliyuncs.com/b2a076471c6c4b72b574a977334d3e05/fd62886a-35c8-43d9-a0dc-d941a1dcc554
2026,2026RMUL,RMUL,RoboMaster 2026 高校联盟赛-3V3对抗赛,583,山东站,GROUP_ZONE,2545,A,11028,A1,3,4,165,北洋机甲,天津大学,https://pro-robomasters-hz-n5i3.oss-cn-hangzhou.aliyuncs.com/teams/1525667950468-logo_blue_800x800.png
2026,2026RMUL,RMUL,RoboMaster 2026 高校联盟赛-3V3对抗赛,583,山东站,GROUP_ZONE,2545,A,11029,A2,1,7,160,Actor&Thinker,河北科技大学,https://pro-robomasters-hz-n5i3.oss-cn-hangzhou.aliyuncs.com/teams/1525678437924-logo_blue_800x800.png
2026,2026RMUL,RMUL,RoboMaster 2026 高校联盟赛-3V3对抗赛,583,山东站,GROUP_ZONE,2545,A,11030,A3,4,0,3054,Unicorn行空,北京石油化工学院,https://terra-cn-oss-cdn-public-pro.oss-cn-hangzhou.aliyuncs.com/b2a076471c6c4b72b574a977334d3e05/208741ec-7e96-41fd-98af-ceab9c6e5a85
2026,2026RMUL,RMUL,RoboMaster 2026 高校联盟赛-3V3对抗赛,583,山东站,GROUP_ZONE,2545,A,11031,A4,2,5,739,齐奇,山东理工大学,https://terra-cn-oss-cdn-public-pro.oss-cn-hangzhou.aliyuncs.com/b2a076471c6c4b72b574a977334d3e05/cd7bb6a9-f1cf-4f8d-9275-0f919de56a07
2026,2026RMUL,RMUL,RoboMaster 2026 高校联盟赛-3V3对抗赛,583,山东站,GROUP_ZONE,2546,B,11032,B1,1,6,114,TRoMaC,太原理工大学,https://terra-cn-oss-cdn-public-pro.oss-cn-hangzhou.aliyuncs.com/b2a076471c6c4b72b574a977334d3e05/bcceed5a-13b9-4a19-8236-56b2bb40b58b
2026,2026RMUL,RMUL,RoboMaster 2026 高校联盟赛-3V3对抗赛,583,山东站,GROUP_ZONE,2546,B,11033,B2,2,3,3038,百花机甲,北京化工大学,https://terra-cn-oss-cdn-public-pro.oss-cn-hangzhou.aliyuncs.com/b2a076471c6c4b72b574a977334d3e05/fb24434a-41ab-40c0-bfef-15d977f1eb93
2026,2026RMUL,RMUL,RoboMaster 2026 高校联盟赛-3V3对抗赛,583,山东站,GROUP_ZONE,2546,B,11034,B3,3,0,3029,银杏,北京农学院,https://terra-cn-oss-cdn-public-pro.oss-cn-hangzhou.aliyuncs.com/b2a076471c6c4b72b574a977334d3e05/a4cd5c1c-e9ef-4f0d-9304-415cf9833ec4
2026,2026RMUL,RMUL,RoboMaster 2026 高校联盟赛-3V3对抗赛,583,山东站,GROUP_ZONE,2547,C,11035,C1,1,9,76,RPS,中国石油大学（华东）,https://terra-cn-oss-cdn-public-pro.oss-cn-hangzhou.aliyuncs.com/b2a076471c6c4b72b574a977334d3e05/ca37313c-d7ce-4887-a872-fe558d3e39bd
2026,2026RMUL,RMUL,RoboMaster 2026 高校联盟赛-3V3对抗赛,583,山东站,GROUP_ZONE,2547,C,11036,C2,2,4,2766,BNGU,北京交通大学,https://terra-cn-oss-cdn-public-pro.oss-cn-hangzhou.aliyuncs.com/b2a076471c6c4b72b574a977334d3e05/285c3dae-5e10-4af0-9142-9d2e5562c617
2026,2026RMUL,RMUL,RoboMaster 2026 高校联盟赛-3V3对抗赛,583,山东站,GROUP_ZONE,2547,C,11037,C3,4,1,168,燕鹰,燕山大学,https://pro-robomasters-hz-n5i3.oss-cn-hangzhou.aliyuncs.com/teams/1525676163698-logo_blue_800x800.png
2026,2026RMUL,RMUL,RoboMaster 2026 高校联盟赛-3V3对抗赛,583,山东站,GROUP_ZONE,2547,C,11038,C4,3,3,859,EW,郑州升达经贸管理学院,https://terra-cn-oss-cdn-public-pro.oss-cn-hangzhou.aliyuncs.com/b2a076471c6c4b72b574a977334d3e05/9229bd21-2e83-4594-95b3-2888a8ba7417
2026,2026RMUL,RMUL,RoboMaster 2026 高校联盟赛-3V3对抗赛,583,山东站,GROUP_ZONE,2548,D,11039,D1,2,1,57,SmartRobot,山东科技大学,https://pro-robomasters-hz-n5i3.oss-cn-hangzhou.aliyuncs.com/teams/1525675697079-logo_blue_800x800.png
2026,2026RMUL,RMUL,RoboMaster 2026 高校联盟赛-3V3对抗赛,583,山东站,GROUP_ZONE,2548,D,11040,D2,3,1,1562,move,青岛理工大学,https://terra-cn-oss-cdn-public-pro.oss-cn-hangzhou.aliyuncs.com/b2a076471c6c4b72b574a977334d3e05/e1cd5c73-6b02-4f96-9fc7-9afc627af87d
2026,2026RMUL,RMUL,RoboMaster 2026 高校联盟赛-3V3对抗赛,583,山东站,GROUP_ZONE,2548,D,11041,D3,1,6,1642,铁道兵,石家庄铁道大学,https://terra-cn-oss-cdn-public-pro.oss-cn-hangzhou.aliyuncs.com/b2a076471c6c4b72b574a977334d3e05/9765d5e2-0062-4e6d-a04b-f10be38645f8
2026,2026RMUL,RMUL,RoboMaster 2026 高校联盟赛-3V3对抗赛,583,山东站,GROUP_ZONE,2549,E,11042,E1,1,9,132,追梦,北京理工大学,https://pro-robomasters-hz-n5i3.oss-cn-hangzhou.aliyuncs.com/teams/1525667569344-logo_green_800x800.png
2026,2026RMUL,RMUL,RoboMaster 2026 高校联盟赛-3V3对抗赛,583,山东站,GROUP_ZONE,2549,E,11043,E2,4,0,2765,Summit,枣庄学院,https://terra-cn-oss-cdn-public-pro.oss-cn-hangzhou.aliyuncs.com/b2a076471c6c4b72b574a977334d3e05/2161258c-ebdd-4864-aeb9-7df838f7cde5
2026,2026RMUL,RMUL,RoboMaster 2026 高校联盟赛-3V3对抗赛,583,山东站,GROUP_ZONE,2549,E,11044,E3,2,6,3114,FEver,河北工业职业技术大学,https://hz-rm-bbs-web-prod.oss-cn-hangzhou.aliyuncs.com/d99bbb0ed06c49fe92d8551ae7373e8d1762164294671/校徽.png
2026,2026RMUL,RMUL,RoboMaster 2026 高校联盟赛-3V3对抗赛,583,山东站,GROUP_ZONE,2549,E,11045,E4,3,3,745,TFT,济南大学,https://terra-cn-oss-cdn-public-pro.oss-cn-hangzhou.aliyuncs.com/b2a076471c6c4b72b574a977334d3e05/5e404047-51d1-4a48-a498-487f50cca044
2026,2026RMUL,RMUL,RoboMaster 2026 高校联盟赛-3V3对抗赛,583,山东站,GROUP_ZONE,2550,F,11046,F1,1,4,41,HERO,哈尔滨工业大学（威海）,https://terra-cn-oss-cdn-public-pro.oss-cn-hangzhou.aliyuncs.com/b2a076471c6c4b72b574a977334d3e05/496f97c0-f329-4457-ae1e-1476c467ff94
2026,2026RMUL,RMUL,RoboMaster 2026 高校联盟赛-3V3对抗赛,583,山东站,GROUP_ZONE,2550,F,11047,F2,3,0,3042,YKTKEMIAO,青岛科技大学,https://terra-cn-oss-cdn-public-pro.oss-cn-hangzhou.aliyuncs.com/b2a076471c6c4b72b574a977334d3e05/ee75e3ad-568b-4bcd-9d37-b5c999b9aa53
2026,2026RMUL,RMUL,RoboMaster 2026 高校联盟赛-3V3对抗赛,583,山东站,GROUP_ZONE,2550,F,11048,F3,2,4,755,Adam,齐鲁工业大学,https://terra-cn-oss-cdn-public-pro.oss-cn-hangzhou.aliyuncs.com/b2a076471c6c4b72b574a977334d3e05/4c4f28ef-93a7-4df1-ada4-5c0ad826f07d
2026,2026RMUL,RMUL,RoboMaster 2026 高校联盟赛-3V3对抗赛,583,山东站,GROUP_ZONE,2551,G,11049,G1,2,6,672,PIE,首都师范大学,https://terra-cn-oss-cdn-public-pro.oss-cn-hangzhou.aliyuncs.com/b2a076471c6c4b72b574a977334d3e05/a061e111-f402-4e01-884e-0b5c95f7ab5e
2026,2026RMUL,RMUL,RoboMaster 2026 高校联盟赛-3V3对抗赛,583,山东站,GROUP_ZONE,2551,G,11050,G2,3,3,737,未来,青岛大学,https://terra-cn-oss-cdn-public-pro.oss-cn-hangzhou.aliyuncs.com/b2a076471c6c4b72b574a977334d3e05/a5fece37-9a43-40a6-89a7-154a35a20ffb
2026,2026RMUL,RMUL,RoboMaster 2026 高校联盟赛-3V3对抗赛,583,山东站,GROUP_ZONE,2551,G,11051,G3,4,0,3115,preserve,山东华宇工学院,https://terra-cn-oss-cdn-public-pro.oss-cn-hangzhou.aliyuncs.com/b2a076471c6c4b72b574a977334d3e05/e0ea1676-70cd-4f80-ad79-27a9e8e5a950
2026,2026RMUL,RMUL,RoboMaster 2026 高校联盟赛-3V3对抗赛,583,山东站,GROUP_ZONE,2551,G,11052,G4,1,9,690,简锋,沈阳建筑大学,https://pro-robomasters-hz-n5i3.oss-cn-hangzhou.aliyuncs.com/teams/1525678622339-logo_blue_800x800.png
2026,2026RMUL,RMUL,RoboMaster 2026 高校联盟赛-3V3对抗赛,583,山东站,GROUP_ZONE,2552,H,11053,H1,1,4,122,Reborn,北京科技大学,https://pro-robomasters-hz-n5i3.oss-cn-hangzhou.aliyuncs.com/teams/1525666158923-logo_blue_800x800.png
2026,2026RMUL,RMUL,RoboMaster 2026 高校联盟赛-3V3对抗赛,583,山东站,GROUP_ZONE,2552,H,11054,H2,3,0,1530,FR,山东石油化工学院,https://terra-cn-oss-cdn-public-pro.oss-cn-hangzhou.aliyuncs.com/b2a076471c6c4b72b574a977334d3e05/c46c9bae-36e5-43f4-86ac-0fba54fca3ea
2026,2026RMUL,RMUL,RoboMaster 2026 高校联盟赛-3V3对抗赛,583,山东站,GROUP_ZONE,2552,H,11055,H3,2,4,131,凌云,济宁学院,https://hz-rm-bbs-web-prod.oss-cn-hangzhou.aliyuncs.com/926b9c2a260240ed92c26a4f1403330c1762429074499/jnxy(last).png
2026,2026RMUL,RMUL,RoboMaster 2026 高校联盟赛-3V3对抗赛,584,重庆站,GROUP_ZONE,2607,A,11245,A1,1,9,116,WMJ,西北工业大学,https://pro-robomasters-hz-n5i3.oss-cn-hangzhou.aliyuncs.com/teams/1525674854703-logo_blue_800x800.png
2026,2026RMUL,RMUL,RoboMaster 2026 高校联盟赛-3V3对抗赛,584,重庆站,GROUP_ZONE,2607,A,11246,A2,3,3,2789,士继DREAMER,重庆理工大学,https://pro-robomasters-hz-n5i3.oss-cn-hangzhou.aliyuncs.com/teams/1525679268288-logo_blue_800x800.png
2026,2026RMUL,RMUL,RoboMaster 2026 高校联盟赛-3V3对抗赛,584,重庆站,GROUP_ZONE,2607,A,11247,A3,2,4,2195,ROBOTZ,广西大学,https://terra-cn-oss-cdn-public-pro.oss-cn-hangzhou.aliyuncs.com/b2a076471c6c4b72b574a977334d3e05/0e0ea8db-28cd-444e-a013-bc0dcc2c0ea8
2026,2026RMUL,RMUL,RoboMaster 2026 高校联盟赛-3V3对抗赛,584,重庆站,GROUP_ZONE,2607,A,11248,A4,4,1,721,MTI,茅台学院,https://terra-cn-oss-cdn-public-pro.oss-cn-hangzhou.aliyuncs.com/b2a076471c6c4b72b574a977334d3e05/6a25b35b-4f18-4008-b2da-bf50b5000e32
2026,2026RMUL,RMUL,RoboMaster 2026 高校联盟赛-3V3对抗赛,584,重庆站,GROUP_ZONE,2608,B,11249,B1,1,9,781,军临,国防科技大学,https://terra-cn-oss-cdn-public-pro.oss-cn-hangzhou.aliyuncs.com/b2a076471c6c4b72b574a977334d3e05/b25088a6-06fd-41a3-883f-bfbf29e7383f
2026,2026RMUL,RMUL,RoboMaster 2026 高校联盟赛-3V3对抗赛,584,重庆站,GROUP_ZONE,2608,B,11250,B2,2,6,1527,云嵌,长沙理工大学,https://terra-cn-oss-cdn-public-pro.oss-cn-hangzhou.aliyuncs.com/b2a076471c6c4b72b574a977334d3e05/956efdbf-ed6c-4af2-ab13-6099e522ada6
2026,2026RMUL,RMUL,RoboMaster 2026 高校联盟赛-3V3对抗赛,584,重庆站,GROUP_ZONE,2608,B,11251,B3,3,1,2754,探索者,长江大学,https://terra-cn-oss-cdn-public-pro.oss-cn-hangzhou.aliyuncs.com/b2a076471c6c4b72b574a977334d3e05/59d847ef-e404-46be-a416-9523cdb1e8b8
2026,2026RMUL,RMUL,RoboMaster 2026 高校联盟赛-3V3对抗赛,584,重庆站,GROUP_ZONE,2608,B,11252,B4,4,1,2811,重山,重庆邮电大学,https://terra-cn-oss-cdn-public-pro.oss-cn-hangzhou.aliyuncs.com/b2a076471c6c4b72b574a977334d3e05/29a37ebb-1afa-4717-ad56-1c879070c60a
2026,2026RMUL,RMUL,RoboMaster 2026 高校联盟赛-3V3对抗赛,584,重庆站,GROUP_ZONE,2609,C,11253,C1,1,9,2748,千里,重庆大学,https://pro-robomasters-hz-n5i3.oss-cn-hangzhou.aliyuncs.com/teams/1525667252663-logo_blue_800x800.png
2026,2026RMUL,RMUL,RoboMaster 2026 高校联盟赛-3V3对抗赛,584,重庆站,GROUP_ZONE,2609,C,11254,C2,3,3,32,MA,南华大学,https://terra-cn-oss-cdn-public-pro.oss-cn-hangzhou.aliyuncs.com/b2a076471c6c4b72b574a977334d3e05/3a47924a-603f-4784-a891-9d35a89b2f72
2026,2026RMUL,RMUL,RoboMaster 2026 高校联盟赛-3V3对抗赛,584,重庆站,GROUP_ZONE,2609,C,11255,C3,4,0,3128,陆擎,联勤保障部队工程大学,https://rm-static.djicdn.com/games-backend/7c7e25cd-42c7-4419-bbbb-68743f068f6b
2026,2026RMUL,RMUL,RoboMaster 2026 高校联盟赛-3V3对抗赛,584,重庆站,GROUP_ZONE,2609,C,11256,C4,2,6,2785,扶光,重庆第二师范学院,https://terra-cn-oss-cdn-public-pro.oss-cn-hangzhou.aliyuncs.com/b2a076471c6c4b72b574a977334d3e05/00552f72-6439-41fe-ac7c-2a60034907c7
2026,2026RMUL,RMUL,RoboMaster 2026 高校联盟赛-3V3对抗赛,584,重庆站,GROUP_ZONE,2610,D,11257,D1,1,5,700,VGD,长安大学,https://pro-robomasters-hz-n5i3.oss-cn-hangzhou.aliyuncs.com/teams/1525678187820-logo_bule_800x800.png
2026,2026RMUL,RMUL,RoboMaster 2026 高校联盟赛-3V3对抗赛,584,重庆站,GROUP_ZONE,2610,D,11258,D2,3,4,848,LionHeart,重庆三峡学院,https://rm-static.djicdn.com/games-backend/866d186e-2c2c-440b-a549-1c9614fba738
2026,2026RMUL,RMUL,RoboMaster 2026 高校联盟赛-3V3对抗赛,584,重庆站,GROUP_ZONE,2610,D,11259,D3,2,4,708,东风,火箭军工程大学,https://terra-cn-oss-cdn-public-pro.oss-cn-hangzhou.aliyuncs.com/b2a076471c6c4b72b574a977334d3e05/4cc64673-2815-4f52-aeb1-385a7b9d90f6
2026,2026RMUL,RMUL,RoboMaster 2026 高校联盟赛-3V3对抗赛,584,重庆站,GROUP_ZONE,2610,D,11260,D4,4,2,182,NEXT E,西安理工大学,https://hz-rm-bbs-web-prod.oss-cn-hangzhou.aliyuncs.com/0fe900715ae343dcba289b2239d013501761740067079/校徽800x800.png
2026,2026RMUL,RMUL,RoboMaster 2026 高校联盟赛-3V3对抗赛,584,重庆站,GROUP_ZONE,2611,E,11261,E1,1,9,71,IRobot,西安电子科技大学,https://pro-robomasters-hz-n5i3.oss-cn-hangzhou.aliyuncs.com/teams/1525676832533-logo_red_800x800.png
2026,2026RMUL,RMUL,RoboMaster 2026 高校联盟赛-3V3对抗赛,584,重庆站,GROUP_ZONE,2611,E,11262,E2,4,0,3129,RoadBot,重庆交通大学,https://terra-cn-oss-cdn-public-pro.oss-cn-hangzhou.aliyuncs.com/b2a076471c6c4b72b574a977334d3e05/dd7bf1bc-8b27-4c3f-a113-7d41ff23d953
2026,2026RMUL,RMUL,RoboMaster 2026 高校联盟赛-3V3对抗赛,584,重庆站,GROUP_ZONE,2611,E,11263,E3,2,6,2793,Seeker,湖南工学院,https://terra-cn-oss-cdn-public-pro.oss-cn-hangzhou.aliyuncs.com/b2a076471c6c4b72b574a977334d3e05/f9940d74-0292-4db8-b6a3-e6c130c49ae6
2026,2026RMUL,RMUL,RoboMaster 2026 高校联盟赛-3V3对抗赛,584,重庆站,GROUP_ZONE,2611,E,11264,E4,3,3,1528,宜宾火燃面,宜宾学院,https://terra-cn-oss-cdn-public-pro.oss-cn-hangzhou.aliyuncs.com/b2a076471c6c4b72b574a977334d3e05/158f1a5b-5420-4291-80fa-63d62cc50296
2026,2026RMUL,RMUL,RoboMaster 2026 高校联盟赛-3V3对抗赛,584,重庆站,GROUP_ZONE,2612,F,11265,F1,1,9,698,笃行,西安交通大学,https://pro-robomasters-hz-n5i3.oss-cn-hangzhou.aliyuncs.com/teams/1525666415627-logo_red_800x800.png
2026,2026RMUL,RMUL,RoboMaster 2026 高校联盟赛-3V3对抗赛,584,重庆站,GROUP_ZONE,2612,F,11266,F2,4,1,2189,逐曦,湘潭大学,https://terra-cn-oss-cdn-public-pro.oss-cn-hangzhou.aliyuncs.com/b2a076471c6c4b72b574a977334d3e05/6ee9d64c-9844-47d0-bfa7-4e428fc6d025
2026,2026RMUL,RMUL,RoboMaster 2026 高校联盟赛-3V3对抗赛,584,重庆站,GROUP_ZONE,2612,F,11267,F3,3,1,154,飞虎,北部湾大学,https://terra-cn-oss-cdn-public-pro.oss-cn-hangzhou.aliyuncs.com/b2a076471c6c4b72b574a977334d3e05/74e90e27-919b-44ce-8851-b7efb84211e5
2026,2026RMUL,RMUL,RoboMaster 2026 高校联盟赛-3V3对抗赛,584,重庆站,GROUP_ZONE,2612,F,11268,F4,2,6,2194,泓龙,西南石油大学南充校区,https://hz-rm-bbs-web-prod.oss-cn-hangzhou.aliyuncs.com/f3d6712226214e679c1ba793ac4694621761814062677/未标题-1.png
2026,2026RMUL,RMUL,RoboMaster 2026 高校联盟赛-3V3对抗赛,584,重庆站,GROUP_ZONE,2613,G,11269,G1,2,4,2188,GIRT,桂林信息科技学院,https://terra-cn-oss-cdn-public-pro.oss-cn-hangzhou.aliyuncs.com/b2a076471c6c4b72b574a977334d3e05/d3dc9ad2-09a2-4a2a-b9cd-8ceee5baa400
2026,2026RMUL,RMUL,RoboMaster 2026 高校联盟赛-3V3对抗赛,584,重庆站,GROUP_ZONE,2613,G,11270,G2,3,3,3127,尘埃,湖南科技大学,https://terra-cn-oss-cdn-public-pro.oss-cn-hangzhou.aliyuncs.com/b2a076471c6c4b72b574a977334d3e05/c84fe036-c583-4333-a18b-139d26f0a4ba
2026,2026RMUL,RMUL,RoboMaster 2026 高校联盟赛-3V3对抗赛,584,重庆站,GROUP_ZONE,2613,G,11271,G3,4,1,3155,Calibur,新加坡国立大学,https://rm-static.djicdn.com/games-backend/f33ce866-f11f-4a8c-8479-90100f3764fb
2026,2026RMUL,RMUL,RoboMaster 2026 高校联盟赛-3V3对抗赛,584,重庆站,GROUP_ZONE,2613,G,11272,G4,1,9,1505,GKD,西南大学,https://terra-cn-oss-cdn-public-pro.oss-cn-hangzhou.aliyuncs.com/b2a076471c6c4b72b574a977334d3e05/55379741-dbe7-467a-b11d-ec6364320248
2026,2026RMUL,RMUL,RoboMaster 2026 高校联盟赛-3V3对抗赛,584,重庆站,GROUP_ZONE,2614,H,11273,H1,1,9,38,Evolution,桂林电子科技大学,https://pro-robomasters-hz-n5i3.oss-cn-hangzhou.aliyuncs.com/teams/1525673879563-logo_blue_800x800.png
2026,2026RMUL,RMUL,RoboMaster 2026 高校联盟赛-3V3对抗赛,584,重庆站,GROUP_ZONE,2614,H,11274,H2,2,4,1542,破浪笃行,桂林电子科技大学北海校区,https://terra-cn-oss-cdn-public-pro.oss-cn-hangzhou.aliyuncs.com/b2a076471c6c4b72b574a977334d3e05/27b1115d-8e7d-4195-a1b4-faafffefb68f
2026,2026RMUL,RMUL,RoboMaster 2026 高校联盟赛-3V3对抗赛,584,重庆站,GROUP_ZONE,2614,H,11275,H3,4,1,3126,printk,贵州大学,https://terra-cn-oss-cdn-public-pro.oss-cn-hangzhou.aliyuncs.com/b2a076471c6c4b72b574a977334d3e05/0c07e0a0-3aac-44df-9f4f-1091cf266093
2026,2026RMUL,RMUL,RoboMaster 2026 高校联盟赛-3V3对抗赛,584,重庆站,GROUP_ZONE,2614,H,11276,H4,3,3,860,吉风羽跃,吉利学院,https://terra-cn-oss-cdn-public-pro.oss-cn-hangzhou.aliyuncs.com/b2a076471c6c4b72b574a977334d3e05/42fb6ab4-714f-42db-abdd-7575278096a9
2026,2026RMUL,RMUL,RoboMaster 2026 高校联盟赛-3V3对抗赛,585,东北站,GROUP_ZONE,2620,A,11300,A1,1,9,42,DreamTeam,北方工业大学,https://pro-robomasters-hz-n5i3.oss-cn-hangzhou.aliyuncs.com/teams/1525674177547-logo_purple_800x800.png
2026,2026RMUL,RMUL,RoboMaster 2026 高校联盟赛-3V3对抗赛,585,东北站,GROUP_ZONE,2620,A,11301,A2,2,6,689,TUP,沈阳航空航天大学,https://pro-robomasters-hz-n5i3.oss-cn-hangzhou.aliyuncs.com/teams/1525668135842-logo_blue_800x800.png
2026,2026RMUL,RMUL,RoboMaster 2026 高校联盟赛-3V3对抗赛,585,东北站,GROUP_ZONE,2620,A,11302,A3,4,0,3053,逐雁,北京邮电大学,https://terra-cn-oss-cdn-public-pro.oss-cn-hangzhou.aliyuncs.com/b2a076471c6c4b72b574a977334d3e05/7ebc0748-d36b-4872-a789-c5d80274d972
2026,2026RMUL,RMUL,RoboMaster 2026 高校联盟赛-3V3对抗赛,585,东北站,GROUP_ZONE,2620,A,11303,A4,3,3,2749,CVIR,长春理工大学,https://terra-cn-oss-cdn-public-pro.oss-cn-hangzhou.aliyuncs.com/b2a076471c6c4b72b574a977334d3e05/1585b779-bd0e-4035-8b8c-2bdd2e4fea37
2026,2026RMUL,RMUL,RoboMaster 2026 高校联盟赛-3V3对抗赛,585,东北站,GROUP_ZONE,2621,B,11304,B1,1,9,17,TDT,东北大学,https://pro-robomasters-hz-n5i3.oss-cn-hangzhou.aliyuncs.com/teams/1525667139708-logo_blue_800x800.png
2026,2026RMUL,RMUL,RoboMaster 2026 高校联盟赛-3V3对抗赛,585,东北站,GROUP_ZONE,2621,B,11305,B2,3,3,3090,TCP,东北农业大学,https://hz-rm-bbs-web-prod.oss-cn-hangzhou.aliyuncs.com/d75e8d8b16e84024af7af3d638876db91761793611858/NEAU校徽.png
2026,2026RMUL,RMUL,RoboMaster 2026 高校联盟赛-3V3对抗赛,585,东北站,GROUP_ZONE,2621,B,11306,B3,2,6,144,Horizon,华北理工大学,https://terra-cn-oss-cdn-public-pro.oss-cn-hangzhou.aliyuncs.com/b2a076471c6c4b72b574a977334d3e05/7a0fb2ce-087f-40e5-b070-e433393e1420
2026,2026RMUL,RMUL,RoboMaster 2026 高校联盟赛-3V3对抗赛,585,东北站,GROUP_ZONE,2621,B,11307,B4,4,0,3097,Nirvana,天津理工大学,https://pro-robomasters-hz-n5i3.oss-cn-hangzhou.aliyuncs.com/teams/1525675996205-logo_blue_800x800.png
2026,2026RMUL,RMUL,RoboMaster 2026 高校联盟赛-3V3对抗赛,585,东北站,GROUP_ZONE,2622,C,11308,C1,1,9,3091,TARS Go,吉林大学,https://terra-cn-oss-cdn-public-pro.oss-cn-hangzhou.aliyuncs.com/b2a076471c6c4b72b574a977334d3e05/422493a0-1f3c-4f00-8c95-7ad1f9e1df2c
2026,2026RMUL,RMUL,RoboMaster 2026 高校联盟赛-3V3对抗赛,585,东北站,GROUP_ZONE,2622,C,11309,C2,3,3,58,Simba,黑龙江大学,https://pro-robomasters-hz-n5i3.oss-cn-hangzhou.aliyuncs.com/teams/1525675840215-logo_balck_800x800.png
2026,2026RMUL,RMUL,RoboMaster 2026 高校联盟赛-3V3对抗赛,585,东北站,GROUP_ZONE,2622,C,11310,C3,4,0,3055,深蓝奇冀UM,海军大连舰艇学院,https://terra-cn-oss-cdn-public-pro.oss-cn-hangzhou.aliyuncs.com/b2a076471c6c4b72b574a977334d3e05/9b3ccada-a85c-4724-bceb-82b1ca4e3192
2026,2026RMUL,RMUL,RoboMaster 2026 高校联盟赛-3V3对抗赛,585,东北站,GROUP_ZONE,2622,C,11311,C4,2,6,2792,DTS,沈阳工业大学,https://pro-robomasters-hz-n5i3.oss-cn-hangzhou.aliyuncs.com/teams/1525679527619-logo_blue_800x800.png
2026,2026RMUL,RMUL,RoboMaster 2026 高校联盟赛-3V3对抗赛,585,东北站,GROUP_ZONE,2623,D,11312,D1,1,5,29,火线,太原工业学院,https://terra-cn-oss-cdn-public-pro.oss-cn-hangzhou.aliyuncs.com/b2a076471c6c4b72b574a977334d3e05/c7de86e0-a829-4d6d-9329-3228f57ded92
2026,2026RMUL,RMUL,RoboMaster 2026 高校联盟赛-3V3对抗赛,585,东北站,GROUP_ZONE,2623,D,11313,D2,3,5,3082,NIE,大连大学,https://terra-cn-oss-cdn-public-pro.oss-cn-hangzhou.aliyuncs.com/b2a076471c6c4b72b574a977334d3e05/e5d34592-51d5-400c-b55f-7e2941680b57
2026,2026RMUL,RMUL,RoboMaster 2026 高校联盟赛-3V3对抗赛,585,东北站,GROUP_ZONE,2623,D,11314,D3,2,5,692,TCN,辽宁石油化工大学,https://terra-cn-oss-cdn-public-pro.oss-cn-hangzhou.aliyuncs.com/b2a076471c6c4b72b574a977334d3e05/6de48f3a-920f-458f-aa27-2ea7eff466c1
2026,2026RMUL,RMUL,RoboMaster 2026 高校联盟赛-3V3对抗赛,585,东北站,GROUP_ZONE,2623,D,11315,D4,4,0,764,SAS,中国科学院大学,https://terra-cn-oss-cdn-public-pro.oss-cn-hangzhou.aliyuncs.com/b2a076471c6c4b72b574a977334d3e05/0c7dc4da-f1a6-4d50-bdd9-5be0683a8624
2026,2026RMUL,RMUL,RoboMaster 2026 高校联盟赛-3V3对抗赛,585,东北站,GROUP_ZONE,2624,E,11316,E1,3,3,65,I Hiter,哈尔滨工业大学,https://terra-cn-oss-cdn-public-pro.oss-cn-hangzhou.aliyuncs.com/b2a076471c6c4b72b574a977334d3e05/830c2cbd-31e5-4fea-9015-cb6ec9fa5224
2026,2026RMUL,RMUL,RoboMaster 2026 高校联盟赛-3V3对抗赛,585,东北站,GROUP_ZONE,2624,E,11317,E2,2,7,3095,赫兹矩阵,沈阳工业大学（辽阳校区）,https://pro-robomasters-hz-n5i3.oss-cn-hangzhou.aliyuncs.com/teams/1525679527619-logo_blue_800x800.png
2026,2026RMUL,RMUL,RoboMaster 2026 高校联盟赛-3V3对抗赛,585,东北站,GROUP_ZONE,2624,E,11318,E3,1,7,50,Ambition,沈阳理工大学,https://terra-cn-oss-cdn-public-pro.oss-cn-hangzhou.aliyuncs.com/b2a076471c6c4b72b574a977334d3e05/be475077-4807-4b5d-b452-f007b66de8f2
2026,2026RMUL,RMUL,RoboMaster 2026 高校联盟赛-3V3对抗赛,585,东北站,GROUP_ZONE,2624,E,11319,E4,4,0,2751,共心筑梦,沈阳化工大学,https://terra-cn-oss-cdn-public-pro.oss-cn-hangzhou.aliyuncs.com/b2a076471c6c4b72b574a977334d3e05/7904f36e-a273-4c62-af2d-75af4f0ce44c
2026,2026RMUL,RMUL,RoboMaster 2026 高校联盟赛-3V3对抗赛,585,东北站,GROUP_ZONE,2625,F,11320,F1,2,6,8,创梦之翼,哈尔滨工程大学,https://pro-robomasters-hz-n5i3.oss-cn-hangzhou.aliyuncs.com/teams/1525665837757-logo_blue_800x800.png
2026,2026RMUL,RMUL,RoboMaster 2026 高校联盟赛-3V3对抗赛,585,东北站,GROUP_ZONE,2625,F,11321,F2,3,3,206,A.I.R.,哈尔滨理工大学,https://pro-robomasters-hz-n5i3.oss-cn-hangzhou.aliyuncs.com/teams/1525675153820-logo_blue_800x800.png
2026,2026RMUL,RMUL,RoboMaster 2026 高校联盟赛-3V3对抗赛,585,东北站,GROUP_ZONE,2625,F,11322,F3,1,9,14,COD,辽宁科技大学,https://pro-robomasters-hz-n5i3.oss-cn-hangzhou.aliyuncs.com/teams/1525667029196-logo_blue_800x800.png
2026,2026RMUL,RMUL,RoboMaster 2026 高校联盟赛-3V3对抗赛,585,东北站,GROUP_ZONE,2625,F,11323,F4,4,0,3098,长弓,长春工业大学,https://terra-cn-oss-cdn-public-pro.oss-cn-hangzhou.aliyuncs.com/b2a076471c6c4b72b574a977334d3e05/d0b63191-b1cb-4476-b65b-26242c29015b
2026,2026RMUL,RMUL,RoboMaster 2026 高校联盟赛-3V3对抗赛,585,东北站,GROUP_ZONE,2626,G,11324,G1,1,9,239,凌BUG,大连理工大学,https://rm-static.djicdn.com/tem/19806/1f076093d63e91576572667729907724.png
2026,2026RMUL,RMUL,RoboMaster 2026 高校联盟赛-3V3对抗赛,585,东北站,GROUP_ZONE,2626,G,11325,G2,3,1,84,LBT,黑河学院,https://pro-robomasters-hz-n5i3.oss-cn-hangzhou.aliyuncs.com/teams/1525678763216-logo_blue_800x800.png
2026,2026RMUL,RMUL,RoboMaster 2026 高校联盟赛-3V3对抗赛,585,东北站,GROUP_ZONE,2626,G,11326,G3,2,6,688,征龙凌沧,东北大学秦皇岛分校,https://terra-cn-oss-cdn-public-pro.oss-cn-hangzhou.aliyuncs.com/b2a076471c6c4b72b574a977334d3e05/84e03632-7d92-498b-9150-24d51a28a8d4
2026,2026RMUL,RMUL,RoboMaster 2026 高校联盟赛-3V3对抗赛,585,东北站,GROUP_ZONE,2626,G,11327,G4,4,1,660,Young Dreams,黑龙江工程学院,https://terra-cn-oss-cdn-public-pro.oss-cn-hangzhou.aliyuncs.com/b2a076471c6c4b72b574a977334d3e05/272207a0-35f9-4681-b4ed-5cb552d2a9ad
2026,2026RMUL,RMUL,RoboMaster 2026 高校联盟赛-3V3对抗赛,585,东北站,GROUP_ZONE,2627,H,11328,H1,1,6,663,Ares,东北林业大学,https://pro-robomasters-hz-n5i3.oss-cn-hangzhou.aliyuncs.com/teams/1525678704382-logo_green_800x800.png
2026,2026RMUL,RMUL,RoboMaster 2026 高校联盟赛-3V3对抗赛,585,东北站,GROUP_ZONE,2627,H,11329,H2,3,0,2172,逐星,沈阳工学院,https://terra-cn-oss-cdn-public-pro.oss-cn-hangzhou.aliyuncs.com/b2a076471c6c4b72b574a977334d3e05/3ca01fe4-12da-45ee-9edb-a900256ec95d
2026,2026RMUL,RMUL,RoboMaster 2026 高校联盟赛-3V3对抗赛,585,东北站,GROUP_ZONE,2627,H,11330,H3,2,3,3088,九霄,澳门理工大学,https://rm-static.djicdn.com/documents/71710/dc8326276ab521732519442656561050.png
2026,2026RMUL,RMUL,RoboMaster 2026 高校联盟赛-3V3对抗赛,586,江苏站,GROUP_ZONE,2553,A,11056,A1,1,9,4,Alliance,南京理工大学,https://pro-robomasters-hz-n5i3.oss-cn-hangzhou.aliyuncs.com/teams/1525665364632-logo_purple_800x800.png
2026,2026RMUL,RMUL,RoboMaster 2026 高校联盟赛-3V3对抗赛,586,江苏站,GROUP_ZONE,2553,A,11057,A2,2,6,3111,鲸麟,南京大学,https://pro-robomasters-hz-n5i3.oss-cn-hangzhou.aliyuncs.com/teams/1525699586460-logo_purple_800x800_for_circle.png
2026,2026RMUL,RMUL,RoboMaster 2026 高校联盟赛-3V3对抗赛,586,江苏站,GROUP_ZONE,2553,A,11058,A3,4,0,3113,盐潮,盐城工学院,https://hz-rm-bbs-web-prod.oss-cn-hangzhou.aliyuncs.com/3fff5bea0c894974b04ac98acf7aae841761886625467/盐城工学院-logo-1024px.png
2026,2026RMUL,RMUL,RoboMaster 2026 高校联盟赛-3V3对抗赛,586,江苏站,GROUP_ZONE,2553,A,11059,A4,3,3,93,GMaster,西交利物浦大学,https://pro-robomasters-hz-n5i3.oss-cn-hangzhou.aliyuncs.com/teams/1525680126695-logo_black_800x800.png
2026,2026RMUL,RMUL,RoboMaster 2026 高校联盟赛-3V3对抗赛,586,江苏站,GROUP_ZONE,2554,B,11060,B1,2,6,28,CUBOT,中国矿业大学,https://pro-robomasters-hz-n5i3.oss-cn-hangzhou.aliyuncs.com/teams/1525667804487-logo_blue_800x800.png
2026,2026RMUL,RMUL,RoboMaster 2026 高校联盟赛-3V3对抗赛,586,江苏站,GROUP_ZONE,2554,B,11061,B2,3,1,822,紫琅,南通理工学院,https://terra-cn-oss-cdn-public-pro.oss-cn-hangzhou.aliyuncs.com/b2a076471c6c4b72b574a977334d3e05/9d248cef-d4ec-4ada-8182-b0861700e0cf
2026,2026RMUL,RMUL,RoboMaster 2026 高校联盟赛-3V3对抗赛,586,江苏站,GROUP_ZONE,2554,B,11062,B3,4,1,3021,Aurora,江苏大学,https://terra-cn-oss-cdn-public-pro.oss-cn-hangzhou.aliyuncs.com/b2a076471c6c4b72b574a977334d3e05/036092c1-0909-41bb-a02b-73136e6bc32e
2026,2026RMUL,RMUL,RoboMaster 2026 高校联盟赛-3V3对抗赛,586,江苏站,GROUP_ZONE,2554,B,11063,B4,1,9,2773,浙狮,浙江师范大学,https://terra-cn-oss-cdn-public-pro.oss-cn-hangzhou.aliyuncs.com/b2a076471c6c4b72b574a977334d3e05/12312fed-e148-4afc-a465-df89322ed051
2026,2026RMUL,RMUL,RoboMaster 2026 高校联盟赛-3V3对抗赛,586,江苏站,GROUP_ZONE,2555,C,11064,C1,3,3,245,3SE,东南大学,https://pro-robomasters-hz-n5i3.oss-cn-hangzhou.aliyuncs.com/teams/1525665086212-logo_yellow_800x800.png
2026,2026RMUL,RMUL,RoboMaster 2026 高校联盟赛-3V3对抗赛,586,江苏站,GROUP_ZONE,2555,C,11065,C2,2,6,2752,珞珈狐,武汉大学,https://terra-cn-oss-cdn-public-pro.oss-cn-hangzhou.aliyuncs.com/b2a076471c6c4b72b574a977334d3e05/4e720dc7-05b2-45d8-be42-f91ce2fd40ed
2026,2026RMUL,RMUL,RoboMaster 2026 高校联盟赛-3V3对抗赛,586,江苏站,GROUP_ZONE,2555,C,11066,C3,1,9,3059,SHARK,江南大学霞客湾校区,https://terra-cn-oss-cdn-public-pro.oss-cn-hangzhou.aliyuncs.com/b2a076471c6c4b72b574a977334d3e05/2735fdad-16b0-495d-9266-2d1f1aa236ea
2026,2026RMUL,RMUL,RoboMaster 2026 高校联盟赛-3V3对抗赛,586,江苏站,GROUP_ZONE,2555,C,11067,C4,4,0,207,RCS,厦门大学,https://terra-cn-oss-cdn-public-pro.oss-cn-hangzhou.aliyuncs.com/b2a076471c6c4b72b574a977334d3e05/04926f4b-2f6d-4691-b45d-502cc1e11f34
2026,2026RMUL,RMUL,RoboMaster 2026 高校联盟赛-3V3对抗赛,586,江苏站,GROUP_ZONE,2556,D,11068,D1,1,6,195,Hello World,浙江大学,https://pro-robomasters-hz-n5i3.oss-cn-hangzhou.aliyuncs.com/teams/1532425365935-logo_blue_800x800.png
2026,2026RMUL,RMUL,RoboMaster 2026 高校联盟赛-3V3对抗赛,586,江苏站,GROUP_ZONE,2556,D,11069,D2,2,3,2783,Combat,南京理工大学江阴校区,https://terra-cn-oss-cdn-public-pro.oss-cn-hangzhou.aliyuncs.com/b2a076471c6c4b72b574a977334d3e05/b5a4da1c-bec5-4099-9ce9-d21af29c0e59
2026,2026RMUL,RMUL,RoboMaster 2026 高校联盟赛-3V3对抗赛,586,江苏站,GROUP_ZONE,2556,D,11070,D3,3,0,810,破浪,三江学院,https://terra-cn-oss-cdn-public-pro.oss-cn-hangzhou.aliyuncs.com/b2a076471c6c4b72b574a977334d3e05/5a5a37ef-738e-45ac-ad58-89890411987d
2026,2026RMUL,RMUL,RoboMaster 2026 高校联盟赛-3V3对抗赛,586,江苏站,GROUP_ZONE,2557,E,11071,E1,2,7,782,木鸢Birdiebot,上海工程技术大学,https://hz-rm-bbs-web-prod.oss-cn-hangzhou.aliyuncs.com/667846aed45345a38bfc85941ed1d4e81761735031787/未标题-1.png
2026,2026RMUL,RMUL,RoboMaster 2026 高校联盟赛-3V3对抗赛,586,江苏站,GROUP_ZONE,2557,E,11072,E2,4,0,2782,NSE,南通大学,https://terra-cn-oss-cdn-public-pro.oss-cn-hangzhou.aliyuncs.com/b2a076471c6c4b72b574a977334d3e05/d95488d8-8e90-4a76-9c28-3c1e1c441497
2026,2026RMUL,RMUL,RoboMaster 2026 高校联盟赛-3V3对抗赛,586,江苏站,GROUP_ZONE,2557,E,11073,E3,3,3,2807,FA,常州工学院,https://terra-cn-oss-cdn-public-pro.oss-cn-hangzhou.aliyuncs.com/b2a076471c6c4b72b574a977334d3e05/dbb25287-0342-4341-bbda-e47294764f95
2026,2026RMUL,RMUL,RoboMaster 2026 高校联盟赛-3V3对抗赛,586,江苏站,GROUP_ZONE,2557,E,11074,E4,1,7,170,PFA,厦门理工学院,https://pro-robomasters-hz-n5i3.oss-cn-hangzhou.aliyuncs.com/teams/1525679388670-logo_red_800x800.png
2026,2026RMUL,RMUL,RoboMaster 2026 高校联盟赛-3V3对抗赛,586,江苏站,GROUP_ZONE,2558,F,11075,F1,2,6,95,Passion,南昌大学,https://pro-robomasters-hz-n5i3.oss-cn-hangzhou.aliyuncs.com/teams/1525699199414-logo_blue_800x800.png
2026,2026RMUL,RMUL,RoboMaster 2026 高校联盟赛-3V3对抗赛,586,江苏站,GROUP_ZONE,2558,F,11076,F2,1,9,3058,Potential,南京邮电大学,https://terra-cn-oss-cdn-public-pro.oss-cn-hangzhou.aliyuncs.com/b2a076471c6c4b72b574a977334d3e05/9d63db62-d19e-466c-bf55-b90ed2cf4b5b
2026,2026RMUL,RMUL,RoboMaster 2026 高校联盟赛-3V3对抗赛,586,江苏站,GROUP_ZONE,2558,F,11077,F3,3,3,2770,科来,集美大学,https://terra-cn-oss-cdn-public-pro.oss-cn-hangzhou.aliyuncs.com/b2a076471c6c4b72b574a977334d3e05/b7adb364-38d0-4983-9bfa-e72ed208aa1e
2026,2026RMUL,RMUL,RoboMaster 2026 高校联盟赛-3V3对抗赛,586,江苏站,GROUP_ZONE,2558,F,11078,F4,4,0,2776,盐鹤,盐城师范学院,https://terra-cn-oss-cdn-public-pro.oss-cn-hangzhou.aliyuncs.com/b2a076471c6c4b72b574a977334d3e05/bb5abe60-24e8-4ad4-9269-577ec3ef0e59
2026,2026RMUL,RMUL,RoboMaster 2026 高校联盟赛-3V3对抗赛,586,江苏站,GROUP_ZONE,2559,G,11079,G1,3,3,137,长空御风,南京航空航天大学,https://pro-robomasters-hz-n5i3.oss-cn-hangzhou.aliyuncs.com/teams/1525679454590-logo_purple_800x800.png
2026,2026RMUL,RMUL,RoboMaster 2026 高校联盟赛-3V3对抗赛,586,江苏站,GROUP_ZONE,2559,G,11080,G2,2,7,3110,PKA,福建师范大学,https://terra-cn-oss-cdn-public-pro.oss-cn-hangzhou.aliyuncs.com/b2a076471c6c4b72b574a977334d3e05/e1a05fca-da24-477e-af25-33ce70650b17
2026,2026RMUL,RMUL,RoboMaster 2026 高校联盟赛-3V3对抗赛,586,江苏站,GROUP_ZONE,2559,G,11081,G3,4,0,3112,联合力量,上海纽约大学,https://hz-rm-bbs-web-prod.oss-cn-hangzhou.aliyuncs.com/9b15befcf9134b3bb3ce31ff35fded581762143651087/校徽.png
2026,2026RMUL,RMUL,RoboMaster 2026 高校联盟赛-3V3对抗赛,586,江苏站,GROUP_ZONE,2559,G,11082,G4,1,7,3051,zerone,南京工程学院,https://terra-cn-oss-cdn-public-pro.oss-cn-hangzhou.aliyuncs.com/b2a076471c6c4b72b574a977334d3e05/4f5cdc1b-8c89-4ad7-bd0f-14b63ef3d3fc
2026,2026RMUL,RMUL,RoboMaster 2026 高校联盟赛-3V3对抗赛,586,江苏站,GROUP_ZONE,2560,H,11083,H1,1,4,2774,苍侠,福建理工大学,https://terra-cn-oss-cdn-public-pro.oss-cn-hangzhou.aliyuncs.com/b2a076471c6c4b72b574a977334d3e05/2e4a88a1-9d5b-4d21-bae7-1a528564acda
2026,2026RMUL,RMUL,RoboMaster 2026 高校联盟赛-3V3对抗赛,586,江苏站,GROUP_ZONE,2560,H,11084,H2,2,4,777,MSE STAR,文华学院,https://terra-cn-oss-cdn-public-pro.oss-cn-hangzhou.aliyuncs.com/b2a076471c6c4b72b574a977334d3e05/75be0b89-9b53-4216-be6a-ce596feffca9
2026,2026RMUL,RMUL,RoboMaster 2026 高校联盟赛-3V3对抗赛,586,江苏站,GROUP_ZONE,2560,H,11085,H3,3,0,3033,Navigator Beta,香港浸会大学,https://terra-us-pro-rm-prod-pub-us.s3.amazonaws.com/da84bc27e35640e4b9feecd839639d57/f5c3943c-4258-449f-8683-53019512354a
2026,2026RMUL,RMUL,RoboMaster 2026 高校联盟赛-3V3对抗赛,587,华北站,GROUP_ZONE,2628,A,11331,A1,1,7,746,SPR,中国石油大学（北京）,https://terra-cn-oss-cdn-public-pro.oss-cn-hangzhou.aliyuncs.com/b2a076471c6c4b72b574a977334d3e05/536194b1-d052-480f-b5b9-fbd2ef9d6dc8
2026,2026RMUL,RMUL,RoboMaster 2026 高校联盟赛-3V3对抗赛,587,华北站,GROUP_ZONE,2628,A,11332,A2,3,3,3100,C·ONE,大连民族大学,https://hz-rm-bbs-web-prod.oss-cn-hangzhou.aliyuncs.com/abe0594748d84f789cd923021e253fdd1772641107165/大连民族大学-校徽.png
2026,2026RMUL,RMUL,RoboMaster 2026 高校联盟赛-3V3对抗赛,587,华北站,GROUP_ZONE,2628,A,11333,A3,2,4,1503,零七一,福建农林大学,https://pro-robomasters-hz-n5i3.oss-cn-hangzhou.aliyuncs.com/teams/1525698804678-logo_green_800x800.png
2026,2026RMUL,RMUL,RoboMaster 2026 高校联盟赛-3V3对抗赛,587,华北站,GROUP_ZONE,2628,A,11334,A4,4,2,2767,森林狼,北京林业大学,https://terra-cn-oss-cdn-public-pro.oss-cn-hangzhou.aliyuncs.com/b2a076471c6c4b72b574a977334d3e05/23d3a6b6-7de1-4d65-97e6-748d1e5c08af
2026,2026RMUL,RMUL,RoboMaster 2026 高校联盟赛-3V3对抗赛,587,华北站,GROUP_ZONE,2629,B,11335,B1,1,9,164,风暴,华北科技学院,https://pro-robomasters-hz-n5i3.oss-cn-hangzhou.aliyuncs.com/teams/1525674748988-logo_blue_800x800.png
2026,2026RMUL,RMUL,RoboMaster 2026 高校联盟赛-3V3对抗赛,587,华北站,GROUP_ZONE,2629,B,11336,B2,4,0,2156,匠芯,呼伦贝尔学院,https://terra-cn-oss-cdn-public-pro.oss-cn-hangzhou.aliyuncs.com/b2a076471c6c4b72b574a977334d3e05/3dadcfe0-32b9-4308-a016-68e7e66ca14c
2026,2026RMUL,RMUL,RoboMaster 2026 高校联盟赛-3V3对抗赛,587,华北站,GROUP_ZONE,2629,B,11337,B3,3,3,767,筑梦,山西机电职业技术学院,https://terra-cn-oss-cdn-public-pro.oss-cn-hangzhou.aliyuncs.com/b2a076471c6c4b72b574a977334d3e05/9dd6c2e6-2cdf-4136-b3a0-bb8d200a0633
2026,2026RMUL,RMUL,RoboMaster 2026 高校联盟赛-3V3对抗赛,587,华北站,GROUP_ZONE,2629,B,11338,B4,2,6,3104,聚变新星,宁夏理工学院,https://hz-rm-bbs-web-prod.oss-cn-hangzhou.aliyuncs.com/54bb8424c4df43058ad355288aa1842e1772613098564/校徽(1).png
2026,2026RMUL,RMUL,RoboMaster 2026 高校联盟赛-3V3对抗赛,587,华北站,GROUP_ZONE,2630,C,11339,C1,4,0,3070,山海机甲,河北工业大学,https://terra-cn-oss-cdn-public-pro.oss-cn-hangzhou.aliyuncs.com/b2a076471c6c4b72b574a977334d3e05/41eef11b-8cc7-483e-88e0-900af812a330
2026,2026RMUL,RMUL,RoboMaster 2026 高校联盟赛-3V3对抗赛,587,华北站,GROUP_ZONE,2630,C,11340,C2,1,9,2768,Transistor,北京航空航天大学,https://terra-cn-oss-cdn-public-pro.oss-cn-hangzhou.aliyuncs.com/b2a076471c6c4b72b574a977334d3e05/441cd21a-bd57-4ae9-ae6f-e75fe4b857fc
2026,2026RMUL,RMUL,RoboMaster 2026 高校联盟赛-3V3对抗赛,587,华北站,GROUP_ZONE,2630,C,11341,C3,3,4,3027,猛码,内蒙古师范大学,https://terra-cn-oss-cdn-public-pro.oss-cn-hangzhou.aliyuncs.com/b2a076471c6c4b72b574a977334d3e05/c86a4616-903d-401f-91de-054138c4f385
2026,2026RMUL,RMUL,RoboMaster 2026 高校联盟赛-3V3对抗赛,587,华北站,GROUP_ZONE,2630,C,11342,C4,2,4,3107,TB Power,山西工商学院,https://terra-cn-oss-cdn-public-pro.oss-cn-hangzhou.aliyuncs.com/b2a076471c6c4b72b574a977334d3e05/ece12441-60a7-4eac-819e-9f316855f5b4
2026,2026RMUL,RMUL,RoboMaster 2026 高校联盟赛-3V3对抗赛,587,华北站,GROUP_ZONE,2631,D,11343,D1,1,9,694,PIP,北京工业大学,https://terra-cn-oss-cdn-public-pro.oss-cn-hangzhou.aliyuncs.com/b2a076471c6c4b72b574a977334d3e05/8e9cca8d-1cf4-4ff2-adb9-1dab9e3062ef
2026,2026RMUL,RMUL,RoboMaster 2026 高校联盟赛-3V3对抗赛,587,华北站,GROUP_ZONE,2631,D,11344,D2,2,6,60,雷霆,内蒙古科技大学,https://terra-cn-oss-cdn-public-pro.oss-cn-hangzhou.aliyuncs.com/b2a076471c6c4b72b574a977334d3e05/4e59c288-b5e4-4ed5-a221-3be0377641e1
2026,2026RMUL,RMUL,RoboMaster 2026 高校联盟赛-3V3对抗赛,587,华北站,GROUP_ZONE,2631,D,11345,D3,3,3,3060,苏鸾,苏州大学应用技术学院,https://terra-cn-oss-cdn-public-pro.oss-cn-hangzhou.aliyuncs.com/b2a076471c6c4b72b574a977334d3e05/366dfcdb-fa25-4b80-a582-de700f825908
2026,2026RMUL,RMUL,RoboMaster 2026 高校联盟赛-3V3对抗赛,587,华北站,GROUP_ZONE,2631,D,11346,D4,4,0,3103,铁驭,陆军兵种大学,https://rm-static.djicdn.com/games-backend/990151f8-6a99-467d-887d-2de705e35876
2026,2026RMUL,RMUL,RoboMaster 2026 高校联盟赛-3V3对抗赛,587,华北站,GROUP_ZONE,2632,E,11347,E1,1,9,92,NewMaker,太原科技大学,https://pro-robomasters-hz-n5i3.oss-cn-hangzhou.aliyuncs.com/teams/1525680043036-log_blue_800x800.png
2026,2026RMUL,RMUL,RoboMaster 2026 高校联盟赛-3V3对抗赛,587,华北站,GROUP_ZONE,2632,E,11348,E2,4,0,3041,直隶机甲,河北大学,https://terra-cn-oss-cdn-public-pro.oss-cn-hangzhou.aliyuncs.com/b2a076471c6c4b72b574a977334d3e05/cf3054f5-4c8c-4e9d-b898-0b3bf066d105
2026,2026RMUL,RMUL,RoboMaster 2026 高校联盟赛-3V3对抗赛,587,华北站,GROUP_ZONE,2632,E,11349,E3,2,6,3105,青云,清华大学,https://hz-rm-bbs-web-prod.oss-cn-hangzhou.aliyuncs.com/c006e0d2b7114cdf8e2e87d26ee300bd1762257060513/清华校徽-800px.png
2026,2026RMUL,RMUL,RoboMaster 2026 高校联盟赛-3V3对抗赛,587,华北站,GROUP_ZONE,2632,E,11350,E4,3,3,2764,中州烛龙,郑州大学,https://pro-robomasters-hz-n5i3.oss-cn-hangzhou.aliyuncs.com/teams/1525673834819-logo_green_800x800.png
2026,2026RMUL,RMUL,RoboMaster 2026 高校联盟赛-3V3对抗赛,587,华北站,GROUP_ZONE,2633,F,11351,F1,4,0,1501,星辰,北京信息科技大学,https://terra-cn-oss-cdn-public-pro.oss-cn-hangzhou.aliyuncs.com/b2a076471c6c4b72b574a977334d3e05/532bbb76-84d6-44d8-807d-4047f77027f6
2026,2026RMUL,RMUL,RoboMaster 2026 高校联盟赛-3V3对抗赛,587,华北站,GROUP_ZONE,2633,F,11352,F2,1,7,718,金胡杨,新疆工程学院,https://terra-cn-oss-cdn-public-pro.oss-cn-hangzhou.aliyuncs.com/b2a076471c6c4b72b574a977334d3e05/8e541405-c875-48a9-b9fb-5d046c85e5bb
2026,2026RMUL,RMUL,RoboMaster 2026 高校联盟赛-3V3对抗赛,587,华北站,GROUP_ZONE,2633,F,11353,F3,2,5,2801,小白杨,新疆大学,https://terra-cn-oss-cdn-public-pro.oss-cn-hangzhou.aliyuncs.com/b2a076471c6c4b72b574a977334d3e05/6b5097f0-d468-44ee-a036-684667bd95dc
2026,2026RMUL,RMUL,RoboMaster 2026 高校联盟赛-3V3对抗赛,587,华北站,GROUP_ZONE,2633,F,11354,F4,3,4,2169,秦风,西安科技大学,https://terra-cn-oss-cdn-public-pro.oss-cn-hangzhou.aliyuncs.com/b2a076471c6c4b72b574a977334d3e05/b267968c-5fb5-4aa9-a08f-e9225a590872
2026,2026RMUL,RMUL,RoboMaster 2026 高校联盟赛-3V3对抗赛,587,华北站,GROUP_ZONE,2634,G,11355,G1,2,6,1494,因特雷,中国民航大学,https://terra-cn-oss-cdn-public-pro.oss-cn-hangzhou.aliyuncs.com/b2a076471c6c4b72b574a977334d3e05/e0f9b5fa-1bbb-44a8-8801-7471082c9029
2026,2026RMUL,RMUL,RoboMaster 2026 高校联盟赛-3V3对抗赛,587,华北站,GROUP_ZONE,2634,G,11356,G2,1,7,775,乘风,江西理工大学,https://terra-cn-oss-cdn-public-pro.oss-cn-hangzhou.aliyuncs.com/b2a076471c6c4b72b574a977334d3e05/098f6c3c-53ef-4728-a1dd-be02431cf1ce
2026,2026RMUL,RMUL,RoboMaster 2026 高校联盟赛-3V3对抗赛,587,华北站,GROUP_ZONE,2634,G,11357,G3,4,0,2800,戈壁明珠,石河子大学,https://terra-cn-oss-cdn-public-pro.oss-cn-hangzhou.aliyuncs.com/b2a076471c6c4b72b574a977334d3e05/ebe75d50-6d97-4e54-858e-13a01abc7ec2
2026,2026RMUL,RMUL,RoboMaster 2026 高校联盟赛-3V3对抗赛,587,华北站,GROUP_ZONE,2634,G,11358,G4,3,4,1568,304,天津工业大学,https://terra-cn-oss-cdn-public-pro.oss-cn-hangzhou.aliyuncs.com/b2a076471c6c4b72b574a977334d3e05/a70763c5-9c53-43c5-b38a-a5b62e2c0f5d
2026,2026RMUL,RMUL,RoboMaster 2026 高校联盟赛-3V3对抗赛,587,华北站,GROUP_ZONE,2635,H,11359,H1,2,6,679,606,中北大学,https://rm-static.djicdn.com/games-backend/545f6aae-fcc7-4094-85e0-ea6f30596d73
2026,2026RMUL,RMUL,RoboMaster 2026 高校联盟赛-3V3对抗赛,587,华北站,GROUP_ZONE,2635,H,11360,H2,4,0,46,思玄,防灾科技学院,https://pro-robomasters-hz-n5i3.oss-cn-hangzhou.aliyuncs.com/teams/1525674573314-logo_blue_800x800.png
2026,2026RMUL,RMUL,RoboMaster 2026 高校联盟赛-3V3对抗赛,587,华北站,GROUP_ZONE,2635,H,11361,H3,3,3,743,无畏先锋,中国人民警察大学,https://terra-cn-oss-cdn-public-pro.oss-cn-hangzhou.aliyuncs.com/b2a076471c6c4b72b574a977334d3e05/6667fef5-8c2c-4dd6-9973-618e3254db2d
2026,2026RMUL,RMUL,RoboMaster 2026 高校联盟赛-3V3对抗赛,587,华北站,GROUP_ZONE,2635,H,11362,H4,1,9,747,金钢,河北师范大学,https://hz-rm-bbs-web-prod.oss-cn-hangzhou.aliyuncs.com/f3a6428532d948efaf3d76873791c4081772527743888/校徽.png
2026,2026RMUL,RMUL,RoboMaster 2026 高校联盟赛-3V3对抗赛,588,上海站,WARMUP_ZONE,2637,A,11367,A1,1,5,145,TCR,厦门大学嘉庚学院,https://terra-cn-oss-cdn-public-pro.oss-cn-hangzhou.aliyuncs.com/b2a076471c6c4b72b574a977334d3e05/74fa4796-2b58-4d72-8b60-2150168b72fe
2026,2026RMUL,RMUL,RoboMaster 2026 高校联盟赛-3V3对抗赛,588,上海站,WARMUP_ZONE,2637,A,11376,A2,3,4,3050,Navigator Alpha,北师香港浸会大学,https://hz-rm-bbs-web-prod.oss-cn-hangzhou.aliyuncs.com/9e68223c1e3b457e86f666c13b8e93e01762142000467/未标题-1.png
2026,2026RMUL,RMUL,RoboMaster 2026 高校联盟赛-3V3对抗赛,588,上海站,WARMUP_ZONE,2637,A,11383,A3,4,1,786,PHOENIX,杭州电子科技大学,https://terra-cn-oss-cdn-public-pro.oss-cn-hangzhou.aliyuncs.com/b2a076471c6c4b72b574a977334d3e05/e8350b30-12fc-4a44-a049-638d5f14d72b
2026,2026RMUL,RMUL,RoboMaster 2026 高校联盟赛-3V3对抗赛,588,上海站,WARMUP_ZONE,2637,A,11388,A4,2,5,3022,OmniX,西浦创业家学院（太仓）,https://rm-static.djicdn.com/documents/71710/14a6ecf1556731730343354687189742.png
2026,2026RMUL,RMUL,RoboMaster 2026 高校联盟赛-3V3对抗赛,588,上海站,WARMUP_ZONE,2638,B,11369,B1,4,1,796,钱塘蛟,浙江理工大学,https://terra-cn-oss-cdn-public-pro.oss-cn-hangzhou.aliyuncs.com/b2a076471c6c4b72b574a977334d3e05/0c0fed2e-4c34-47ec-97f6-4b1460e10007
2026,2026RMUL,RMUL,RoboMaster 2026 高校联盟赛-3V3对抗赛,588,上海站,WARMUP_ZONE,2638,B,11379,B2,1,5,3062,Deus,浙江工业大学,https://pro-robomasters-hz-n5i3.oss-cn-hangzhou.aliyuncs.com/teams/1525679170298-logo_blue_800x800.png
2026,2026RMUL,RMUL,RoboMaster 2026 高校联盟赛-3V3对抗赛,588,上海站,WARMUP_ZONE,2638,B,11386,B3,2,5,2753,RealSteel,华东交通大学,https://terra-cn-oss-cdn-public-pro.oss-cn-hangzhou.aliyuncs.com/b2a076471c6c4b72b574a977334d3e05/ba0621cb-d638-4b2c-862c-bd9ab0978376
2026,2026RMUL,RMUL,RoboMaster 2026 高校联盟赛-3V3对抗赛,588,上海站,WARMUP_ZONE,2638,B,11393,B4,3,4,771,DIODE,东华大学,https://terra-cn-oss-cdn-public-pro.oss-cn-hangzhou.aliyuncs.com/b2a076471c6c4b72b574a977334d3e05/951ba744-0a29-48c8-8ddd-cfd2f1ab959f
2026,2026RMUL,RMUL,RoboMaster 2026 高校联盟赛-3V3对抗赛,588,上海站,WARMUP_ZONE,2639,C,11374,C1,1,9,148,交龙,上海交通大学,https://hz-rm-bbs-web-prod.oss-cn-hangzhou.aliyuncs.com/60fb7f8b8fed42bebc4af6ba742c217c1761746244661/bf828c7a-f2a9-43fc-ac10-9cdf8eba3226.png
2026,2026RMUL,RMUL,RoboMaster 2026 高校联盟赛-3V3对抗赛,588,上海站,WARMUP_ZONE,2639,C,11382,C2,2,4,3119,灵晔Lightning,上海电力大学,https://terra-cn-oss-cdn-public-pro.oss-cn-hangzhou.aliyuncs.com/b2a076471c6c4b72b574a977334d3e05/f77f1a86-346f-4206-9822-348e4916c720
2026,2026RMUL,RMUL,RoboMaster 2026 高校联盟赛-3V3对抗赛,588,上海站,WARMUP_ZONE,2639,C,11390,C3,3,2,3122,YZ Control,豫章师范学院,https://terra-cn-oss-cdn-public-pro.oss-cn-hangzhou.aliyuncs.com/b2a076471c6c4b72b574a977334d3e05/d84bb2ec-ee24-4b17-a74d-71ed53072149
2026,2026RMUL,RMUL,RoboMaster 2026 高校联盟赛-3V3对抗赛,588,上海站,WARMUP_ZONE,2639,C,11398,C4,4,1,3120,Restar,苏州工学院,https://hz-rm-bbs-web-prod.oss-cn-hangzhou.aliyuncs.com/1ac5609933c9488c8b7265fc6117b2ed1772524537942/资源 3.png
2026,2026RMUL,RMUL,RoboMaster 2026 高校联盟赛-3V3对抗赛,588,上海站,WARMUP_ZONE,2640,D,11373,D1,1,9,2780,起源,华东理工大学,https://terra-cn-oss-cdn-public-pro.oss-cn-hangzhou.aliyuncs.com/b2a076471c6c4b72b574a977334d3e05/bbd1ecfe-4c6a-4b6d-927f-c13e4782d613
2026,2026RMUL,RMUL,RoboMaster 2026 高校联盟赛-3V3对抗赛,588,上海站,WARMUP_ZONE,2640,D,11381,D2,3,3,3036,赤源机甲,闽江学院,https://terra-cn-oss-cdn-public-pro.oss-cn-hangzhou.aliyuncs.com/b2a076471c6c4b72b574a977334d3e05/a320ccb5-8859-42dc-a80d-f30cd5983a24
2026,2026RMUL,RMUL,RoboMaster 2026 高校联盟赛-3V3对抗赛,588,上海站,WARMUP_ZONE,2640,D,11389,D3,2,6,66,SRM,上海大学,https://pro-robomasters-hz-n5i3.oss-cn-hangzhou.aliyuncs.com/teams/1525676429368-logo_blue_800x800.png
2026,2026RMUL,RMUL,RoboMaster 2026 高校联盟赛-3V3对抗赛,588,上海站,WARMUP_ZONE,2640,D,11395,D4,4,0,2183,RoboWisdom,浙大城市学院,https://terra-cn-oss-cdn-public-pro.oss-cn-hangzhou.aliyuncs.com/b2a076471c6c4b72b574a977334d3e05/4f016c2c-f447-4c59-b36d-ea7090119ecc
2026,2026RMUL,RMUL,RoboMaster 2026 高校联盟赛-3V3对抗赛,588,上海站,WARMUP_ZONE,2641,E,11377,E1,1,9,141,SuperPower,同济大学,https://pro-robomasters-hz-n5i3.oss-cn-hangzhou.aliyuncs.com/teams/1525665507590-logo_blue_800x800.png
2026,2026RMUL,RMUL,RoboMaster 2026 高校联盟赛-3V3对抗赛,588,上海站,WARMUP_ZONE,2641,E,11384,E2,2,6,3121,雪域雄鹰,西藏农牧大学,https://hz-rm-bbs-web-prod.oss-cn-hangzhou.aliyuncs.com/6665fb1f0ed24eec98ddfe91aea011ec1762765166344/be2610d9228cec48d0f11fe10a3bc6d3.png
2026,2026RMUL,RMUL,RoboMaster 2026 高校联盟赛-3V3对抗赛,588,上海站,WARMUP_ZONE,2641,E,11392,E3,3,1,85,RoboVigor,上海理工大学,https://pro-robomasters-hz-n5i3.oss-cn-hangzhou.aliyuncs.com/teams/1525679119524-logo_blue_800x800.png
2026,2026RMUL,RMUL,RoboMaster 2026 高校联盟赛-3V3对抗赛,588,上海站,WARMUP_ZONE,2641,E,11397,E4,4,1,2778,Meta ,浙江大学伊利诺伊大学厄巴纳香槟校区联合学院,https://terra-cn-oss-cdn-public-pro.oss-cn-hangzhou.aliyuncs.com/b2a076471c6c4b72b574a977334d3e05/143881ee-67e2-49fe-897c-f2c55450fbee
2026,2026RMUL,RMUL,RoboMaster 2026 高校联盟赛-3V3对抗赛,588,上海站,WARMUP_ZONE,2642,F,11375,F1,1,7,139,Magician,上海科技大学,https://terra-cn-oss-cdn-public-pro.oss-cn-hangzhou.aliyuncs.com/b2a076471c6c4b72b574a977334d3e05/2b477b2a-e4af-4632-9716-362ce888bc6c
2026,2026RMUL,RMUL,RoboMaster 2026 高校联盟赛-3V3对抗赛,588,上海站,WARMUP_ZONE,2642,F,11380,F2,4,0,791,New Legends,宁波工程学院,https://terra-cn-oss-cdn-public-pro.oss-cn-hangzhou.aliyuncs.com/b2a076471c6c4b72b574a977334d3e05/d2aac8c4-b7af-4a5f-9cca-911beea0bb71
2026,2026RMUL,RMUL,RoboMaster 2026 高校联盟赛-3V3对抗赛,588,上海站,WARMUP_ZONE,2642,F,11387,F3,3,4,186,电创,新乡学院,https://hz-rm-bbs-web-prod.oss-cn-hangzhou.aliyuncs.com/d855351d73a940a89b90be7c6094037e1772773425046/微信图片_20251105190044_30_241.png
2026,2026RMUL,RMUL,RoboMaster 2026 高校联盟赛-3V3对抗赛,588,上海站,WARMUP_ZONE,2642,F,11394,F4,2,6,3023,星驰,台州学院,https://terra-cn-oss-cdn-public-pro.oss-cn-hangzhou.aliyuncs.com/b2a076471c6c4b72b574a977334d3e05/fe2e62a9-68c4-4d90-bd8f-e3cd9409e4bc
2026,2026RMUL,RMUL,RoboMaster 2026 高校联盟赛-3V3对抗赛,588,上海站,WARMUP_ZONE,2643,G,11378,G1,1,7,240,Nautilus,武汉工程大学,https://terra-cn-oss-cdn-public-pro.oss-cn-hangzhou.aliyuncs.com/b2a076471c6c4b72b574a977334d3e05/a413c7fa-e03f-4b01-922a-fc05d46aba6f
2026,2026RMUL,RMUL,RoboMaster 2026 高校联盟赛-3V3对抗赛,588,上海站,WARMUP_ZONE,2643,G,11385,G2,2,7,3117,星云EGA,复旦大学,https://terra-cn-oss-cdn-public-pro.oss-cn-hangzhou.aliyuncs.com/b2a076471c6c4b72b574a977334d3e05/3719dffa-2fca-488c-9492-94699b7e2a78
2026,2026RMUL,RMUL,RoboMaster 2026 高校联盟赛-3V3对抗赛,588,上海站,WARMUP_ZONE,2643,G,11391,G3,4,0,2779,飞凡创新,江苏航空职业技术学院,https://terra-cn-oss-cdn-public-pro.oss-cn-hangzhou.aliyuncs.com/b2a076471c6c4b72b574a977334d3e05/6f30ddfe-718e-4d07-811b-646985b84ede
2026,2026RMUL,RMUL,RoboMaster 2026 高校联盟赛-3V3对抗赛,588,上海站,WARMUP_ZONE,2643,G,11396,G4,3,3,44,潜渊,集美大学诚毅学院,https://terra-cn-oss-cdn-public-pro.oss-cn-hangzhou.aliyuncs.com/b2a076471c6c4b72b574a977334d3e05/265003dd-8cfd-4f4d-8e67-b2371a86b815
2026,2026RMUL,RMUL,RoboMaster 2026 高校联盟赛-3V3对抗赛,588,上海站,WARMUP_ZONE,2644,H,11368,H1,1,6,183,Born of Fire,南京航空航天大学金城学院,https://terra-cn-oss-cdn-public-pro.oss-cn-hangzhou.aliyuncs.com/b2a076471c6c4b72b574a977334d3e05/37ffc1d5-bfaa-472a-8584-2158ca7aa8d5
2026,2026RMUL,RMUL,RoboMaster 2026 高校联盟赛-3V3对抗赛,588,上海站,WARMUP_ZONE,2644,H,11370,H2,2,3,3118,拾荒,上海电机学院,https://terra-cn-oss-cdn-public-pro.oss-cn-hangzhou.aliyuncs.com/b2a076471c6c4b72b574a977334d3e05/bec216ef-e021-41a3-b01e-adc68c7cbbe8
2026,2026RMUL,RMUL,RoboMaster 2026 高校联盟赛-3V3对抗赛,588,上海站,WARMUP_ZONE,2644,H,11371,H3,3,0,187,AIM,宁波诺丁汉大学,https://terra-cn-oss-cdn-public-pro.oss-cn-hangzhou.aliyuncs.com/b2a076471c6c4b72b574a977334d3e05/fac211ba-fd60-4ca8-9a90-65d5f1f3cd9a
2026,2026RMUL,RMUL,RoboMaster 2026 高校联盟赛-3V3对抗赛,589,四川站,GROUP_ZONE,2565,A,11106,A1,2,4,1578,火锅,四川大学,https://pro-robomasters-hz-n5i3.oss-cn-hangzhou.aliyuncs.com/teams/1525667988074-logo_red_800x800.png
2026,2026RMUL,RMUL,RoboMaster 2026 高校联盟赛-3V3对抗赛,589,四川站,GROUP_ZONE,2565,A,11107,A2,4,0,81,涉科赛思,成都工业学院,https://hz-rm-bbs-web-prod.oss-cn-hangzhou.aliyuncs.com/97dbcdc39b684538920b5982bc0c41d21762249833764/output1.png
2026,2026RMUL,RMUL,RoboMaster 2026 高校联盟赛-3V3对抗赛,589,四川站,GROUP_ZONE,2565,A,11108,A3,3,4,2758,PnX,香港科技大学（广州）,https://terra-us-pro-rm-prod-pub-us.s3.amazonaws.com/da84bc27e35640e4b9feecd839639d57/7324a5d9-4801-4616-bbdc-ac1527b7f51d
2026,2026RMUL,RMUL,RoboMaster 2026 高校联盟赛-3V3对抗赛,589,四川站,GROUP_ZONE,2565,A,11109,A4,1,9,842,CEC,贵州师范大学,https://terra-cn-oss-cdn-public-pro.oss-cn-hangzhou.aliyuncs.com/b2a076471c6c4b72b574a977334d3e05/4b39a5c1-ed51-489a-a1e9-c97337ee0a7a
2026,2026RMUL,RMUL,RoboMaster 2026 高校联盟赛-3V3对抗赛,589,四川站,GROUP_ZONE,2566,B,11110,B1,1,7,178,群星,桂林理工大学,https://pro-robomasters-hz-n5i3.oss-cn-hangzhou.aliyuncs.com/teams/1525675274637-logo_blue_800x800.png
2026,2026RMUL,RMUL,RoboMaster 2026 高校联盟赛-3V3对抗赛,589,四川站,GROUP_ZONE,2566,B,11111,B2,2,5,3123,Alistun,广东工商职业技术大学,https://terra-cn-oss-cdn-public-pro.oss-cn-hangzhou.aliyuncs.com/b2a076471c6c4b72b574a977334d3e05/08485316-b5c0-412b-810a-1a6a3df683b1
2026,2026RMUL,RMUL,RoboMaster 2026 高校联盟赛-3V3对抗赛,589,四川站,GROUP_ZONE,2566,B,11112,B3,4,0,2790,Courage,昆明理工大学津桥学院,https://terra-cn-oss-cdn-public-pro.oss-cn-hangzhou.aliyuncs.com/b2a076471c6c4b72b574a977334d3e05/7360dfb5-233c-4e81-916a-e78e6529de26
2026,2026RMUL,RMUL,RoboMaster 2026 高校联盟赛-3V3对抗赛,589,四川站,GROUP_ZONE,2566,B,11113,B4,3,4,3065,Vortex,湖南工程学院,https://terra-cn-oss-cdn-public-pro.oss-cn-hangzhou.aliyuncs.com/b2a076471c6c4b72b574a977334d3e05/c4e87ce1-030d-40a7-bb83-8a21dbe6f59f
2026,2026RMUL,RMUL,RoboMaster 2026 高校联盟赛-3V3对抗赛,589,四川站,GROUP_ZONE,2567,C,11114,C1,1,9,840,Helios,西南交通大学,https://terra-cn-oss-cdn-public-pro.oss-cn-hangzhou.aliyuncs.com/b2a076471c6c4b72b574a977334d3e05/ba554754-e072-434f-93df-41dcb53ce29b
2026,2026RMUL,RMUL,RoboMaster 2026 高校联盟赛-3V3对抗赛,589,四川站,GROUP_ZONE,2567,C,11115,C2,3,4,22,虎师,广西师范大学,https://terra-cn-oss-cdn-public-pro.oss-cn-hangzhou.aliyuncs.com/b2a076471c6c4b72b574a977334d3e05/8985d027-957d-4bba-8488-9ba6c3cc6791
2026,2026RMUL,RMUL,RoboMaster 2026 高校联盟赛-3V3对抗赛,589,四川站,GROUP_ZONE,2567,C,11116,C3,2,4,3031,PRIME,武汉理工大学,https://terra-cn-oss-cdn-public-pro.oss-cn-hangzhou.aliyuncs.com/b2a076471c6c4b72b574a977334d3e05/14a46b3e-a83e-41b3-b3cd-81751e33d5f5
2026,2026RMUL,RMUL,RoboMaster 2026 高校联盟赛-3V3对抗赛,589,四川站,GROUP_ZONE,2567,C,11117,C4,4,0,2187,BIU,贵阳人文科技学院,https://terra-cn-oss-cdn-public-pro.oss-cn-hangzhou.aliyuncs.com/b2a076471c6c4b72b574a977334d3e05/1218df93-7f82-4749-893b-d9bd18b5fa15
2026,2026RMUL,RMUL,RoboMaster 2026 高校联盟赛-3V3对抗赛,589,四川站,GROUP_ZONE,2568,D,11118,D1,1,9,839,风信子,成都信息工程大学,https://terra-cn-oss-cdn-public-pro.oss-cn-hangzhou.aliyuncs.com/b2a076471c6c4b72b574a977334d3e05/c83fcba7-7bb8-45c5-ab64-d808d3ff80f0
2026,2026RMUL,RMUL,RoboMaster 2026 高校联盟赛-3V3对抗赛,589,四川站,GROUP_ZONE,2568,D,11119,D2,4,0,169,猎隼,西北农林科技大学,https://pro-robomasters-hz-n5i3.oss-cn-hangzhou.aliyuncs.com/teams/1525673449278-logo_glod_800x800.png
2026,2026RMUL,RMUL,RoboMaster 2026 高校联盟赛-3V3对抗赛,589,四川站,GROUP_ZONE,2568,D,11120,D3,2,4,711,BattleSwanX,陕西科技大学,https://rm-static.djicdn.com/games-backend/69d1a71d-89df-468f-a187-6bee4a3d4724
2026,2026RMUL,RMUL,RoboMaster 2026 高校联盟赛-3V3对抗赛,589,四川站,GROUP_ZONE,2568,D,11121,D4,3,4,1534,北极熊,深圳北理莫斯科大学,https://terra-cn-oss-cdn-public-pro.oss-cn-hangzhou.aliyuncs.com/b2a076471c6c4b72b574a977334d3e05/fa0e6454-0a79-4a01-8f51-54e77d8fbf61
2026,2026RMUL,RMUL,RoboMaster 2026 高校联盟赛-3V3对抗赛,589,四川站,GROUP_ZONE,2569,E,11122,E1,4,1,845,铁人,西南石油大学,https://terra-cn-oss-cdn-public-pro.oss-cn-hangzhou.aliyuncs.com/b2a076471c6c4b72b574a977334d3e05/d54803f3-1758-4597-b85d-9db75b9a37e7
2026,2026RMUL,RMUL,RoboMaster 2026 高校联盟赛-3V3对抗赛,589,四川站,GROUP_ZONE,2569,E,11123,E2,1,9,175,IRONR,广州铁路职业技术学院,https://terra-cn-oss-cdn-public-pro.oss-cn-hangzhou.aliyuncs.com/b2a076471c6c4b72b574a977334d3e05/60ecfbd4-ba87-47f7-b3a3-8ac174038d74
2026,2026RMUL,RMUL,RoboMaster 2026 高校联盟赛-3V3对抗赛,589,四川站,GROUP_ZONE,2569,E,11124,E3,3,2,3068,攀登者,四川大学锦江学院,https://terra-cn-oss-cdn-public-pro.oss-cn-hangzhou.aliyuncs.com/b2a076471c6c4b72b574a977334d3e05/71615452-2106-4ce7-8423-4f364a81720d
2026,2026RMUL,RMUL,RoboMaster 2026 高校联盟赛-3V3对抗赛,589,四川站,GROUP_ZONE,2569,E,11125,E4,2,4,3034,新跃,南昌理工学院,https://terra-cn-oss-cdn-public-pro.oss-cn-hangzhou.aliyuncs.com/b2a076471c6c4b72b574a977334d3e05/a3ee9ae6-8d16-4a7f-be34-445d432e2a3c
2026,2026RMUL,RMUL,RoboMaster 2026 高校联盟赛-3V3对抗赛,589,四川站,GROUP_ZONE,2570,F,11126,F1,2,7,841,Ultra,成都大学,https://terra-cn-oss-cdn-public-pro.oss-cn-hangzhou.aliyuncs.com/b2a076471c6c4b72b574a977334d3e05/3b03a9b4-d828-472c-9fd1-69e7087800af
2026,2026RMUL,RMUL,RoboMaster 2026 高校联盟赛-3V3对抗赛,589,四川站,GROUP_ZONE,2570,F,11127,F2,1,7,854,Future,云南大学,https://rm-static.djicdn.com/games-backend/1be57e6f-a974-4a97-83cf-8a5f900a7bb5
2026,2026RMUL,RMUL,RoboMaster 2026 高校联盟赛-3V3对抗赛,589,四川站,GROUP_ZONE,2570,F,11128,F3,4,1,2772,过岗龙,香港中文大学（深圳）,https://terra-us-pro-rm-prod-pub-us.s3.amazonaws.com/da84bc27e35640e4b9feecd839639d57/ddee8069-0d8f-46b2-a46e-111a7ac9e48b
2026,2026RMUL,RMUL,RoboMaster 2026 高校联盟赛-3V3对抗赛,589,四川站,GROUP_ZONE,2570,F,11129,F4,3,1,3125,Venom,中山大学,https://pro-robomasters-hz-n5i3.oss-cn-hangzhou.aliyuncs.com/teams/1525673918202-logo_green_800x800.png
2026,2026RMUL,RMUL,RoboMaster 2026 高校联盟赛-3V3对抗赛,589,四川站,GROUP_ZONE,2571,G,11130,G1,3,1,142,HerKules,香港大学,https://hz-rm-bbs-web-prod.oss-cn-hangzhou.aliyuncs.com/bd149d4678f0498a9356464ccae4e1701772779193025/校徽.png
2026,2026RMUL,RMUL,RoboMaster 2026 高校联盟赛-3V3对抗赛,589,四川站,GROUP_ZONE,2571,G,11131,G2,4,1,2787,新竹,西南民族大学,https://pro-robomasters-hz-n5i3.oss-cn-hangzhou.aliyuncs.com/teams/1525666865806-logo_red_800x800.png
2026,2026RMUL,RMUL,RoboMaster 2026 高校联盟赛-3V3对抗赛,589,四川站,GROUP_ZONE,2571,G,11132,G3,1,9,74,微城市,电子科技大学成都学院,https://terra-cn-oss-cdn-public-pro.oss-cn-hangzhou.aliyuncs.com/b2a076471c6c4b72b574a977334d3e05/2b517283-b98a-4d58-8ea2-aa9bbacf75bf
2026,2026RMUL,RMUL,RoboMaster 2026 高校联盟赛-3V3对抗赛,589,四川站,GROUP_ZONE,2571,G,11133,G4,2,6,2157,VANGUARD,华南师范大学（佛山校区）,https://terra-cn-oss-cdn-public-pro.oss-cn-hangzhou.aliyuncs.com/b2a076471c6c4b72b574a977334d3e05/da385649-5afe-4072-af0c-076884bdfd0a
2026,2026RMUL,RMUL,RoboMaster 2026 高校联盟赛-3V3对抗赛,589,四川站,GROUP_ZONE,2572,H,11134,H1,3,3,774,跃鹿,湖南大学,https://terra-cn-oss-cdn-public-pro.oss-cn-hangzhou.aliyuncs.com/b2a076471c6c4b72b574a977334d3e05/8db8bef2-2417-4063-9477-50bae6bc50e7
2026,2026RMUL,RMUL,RoboMaster 2026 高校联盟赛-3V3对抗赛,589,四川站,GROUP_ZONE,2572,H,11135,H2,4,0,699,河湟谷人,青海大学,https://terra-cn-oss-cdn-public-pro.oss-cn-hangzhou.aliyuncs.com/b2a076471c6c4b72b574a977334d3e05/27a6dc62-73d9-423c-8ab8-f42a3e31bb13
2026,2026RMUL,RMUL,RoboMaster 2026 高校联盟赛-3V3对抗赛,589,四川站,GROUP_ZONE,2572,H,11136,H3,1,9,18,奇点,仲恺农业工程学院,https://pro-robomasters-hz-n5i3.oss-cn-hangzhou.aliyuncs.com/teams/1525667218422-logo_green_800x800.png
2026,2026RMUL,RMUL,RoboMaster 2026 高校联盟赛-3V3对抗赛,589,四川站,GROUP_ZONE,2572,H,11137,H4,2,6,3124,鼎行双创,河南科技大学,https://terra-cn-oss-cdn-public-pro.oss-cn-hangzhou.aliyuncs.com/b2a076471c6c4b72b574a977334d3e05/35a46062-f11a-487a-ad40-77458a64c194
