season,event_code,league,zone_id,zone_name,group_name,group_order,college_name,college_logo,team_name,w_d_l,points,opponent_points,avg_base_hp_diff,avg_outpost_hp_diff,avg_team_damage,metrics_json,rank
2024,2024RMUC,RMUC,498,东部赛区,A组,1,浙江大学,https://pro-robomasters-hz-n5i3.oss-cn-hangzhou.aliyuncs.com/teams/1532425365935-logo_blue_800x800.png,Hello World,3/0/0,3,3,2095,0,5416,"{""对手分"": 3, ""局均全队总伤害血量"": 5416, ""局均总前哨站净胜血量"": 0, ""局均总基地净胜血量"": 2095, ""积分"": 3, ""胜/平/负"": ""3/0/0""}",
2024,2024RMUC,RMUC,498,东部赛区,A组,2,太原理工大学,https://terra-cn-oss-cdn-public-pro.oss-cn-hangzhou.aliyuncs.com/b2a076471c6c4b72b574a977334d3e05/bcceed5a-13b9-4a19-8236-56b2bb40b58b,TRoMaC,3/0/0,3,-2,856,59,4159,"{""对手分"": -2, ""局均全队总伤害血量"": 4159, ""局均总前哨站净胜血量"": 59, ""局均总基地净胜血量"": 856, ""积分"": 3, ""胜/平/负"": ""3/0/0""}",
2024,2024RMUC,RMUC,498,东部赛区,A组,3,首都师范大学,https://terra-cn-oss-cdn-public-pro.oss-cn-hangzhou.aliyuncs.com/b2a076471c6c4b72b574a977334d3e05/a061e111-f402-4e01-884e-0b5c95f7ab5e,PIE,2/0/1,2,7,375,-20,3941,"{""对手分"": 7, ""局均全队总伤害血量"": 3941, ""局均总前哨站净胜血量"": -20, ""局均总基地净胜血量"": 375, ""积分"": 2, ""胜/平/负"": ""2/0/1""}",
2024,2024RMUC,RMUC,498,东部赛区,A组,4,南京航空航天大学金城学院,https://terra-cn-oss-cdn-public-pro.oss-cn-hangzhou.aliyuncs.com/b2a076471c6c4b72b574a977334d3e05/37ffc1d5-bfaa-472a-8584-2158ca7aa8d5,Born of Fire,2/0/1,2,5,160,204,4041,"{""对手分"": 5, ""局均全队总伤害血量"": 4041, ""局均总前哨站净胜血量"": 204, ""局均总基地净胜血量"": 160, ""积分"": 2, ""胜/平/负"": ""2/0/1""}",
2024,2024RMUC,RMUC,498,东部赛区,A组,5,天津大学,https://pro-robomasters-hz-n5i3.oss-cn-hangzhou.aliyuncs.com/teams/1525667950468-logo_blue_800x800.png,北洋机甲,2/0/1,2,2,1236,149,5070,"{""对手分"": 2, ""局均全队总伤害血量"": 5070, ""局均总前哨站净胜血量"": 149, ""局均总基地净胜血量"": 1236, ""积分"": 2, ""胜/平/负"": ""2/0/1""}",
2024,2024RMUC,RMUC,498,东部赛区,A组,6,上海工程技术大学,https://rm-static.djicdn.com/games-backend/42a2f807-035c-49bc-9e1d-782239209b82,木鸢Birdiebot,2/0/1,2,-1,544,213,4770,"{""对手分"": -1, ""局均全队总伤害血量"": 4770, ""局均总前哨站净胜血量"": 213, ""局均总基地净胜血量"": 544, ""积分"": 2, ""胜/平/负"": ""2/0/1""}",
2024,2024RMUC,RMUC,498,东部赛区,A组,7,齐鲁工业大学,https://terra-cn-oss-cdn-public-pro.oss-cn-hangzhou.aliyuncs.com/b2a076471c6c4b72b574a977334d3e05/4c4f28ef-93a7-4df1-ada4-5c0ad826f07d,Adam,2/0/1,2,-4,-557,-179,2983,"{""对手分"": -4, ""局均全队总伤害血量"": 2983, ""局均总前哨站净胜血量"": -179, ""局均总基地净胜血量"": -557, ""积分"": 2, ""胜/平/负"": ""2/0/1""}",
2024,2024RMUC,RMUC,498,东部赛区,A组,8,西交利物浦大学&利物浦大学,https://rm-static.djicdn.com/games-backend/74abd7b1-ddfa-4939-a552-cdfff066afb8,GMaster,2/0/1,2,-5,1329,2,4367,"{""对手分"": -5, ""局均全队总伤害血量"": 4367, ""局均总前哨站净胜血量"": 2, ""局均总基地净胜血量"": 1329, ""积分"": 2, ""胜/平/负"": ""2/0/1""}",
2024,2024RMUC,RMUC,498,东部赛区,A组,9,同济大学,https://pro-robomasters-hz-n5i3.oss-cn-hangzhou.aliyuncs.com/teams/1525665507590-logo_blue_800x800.png,SuperPower,1/0/2,1,3,-907,83,2960,"{""对手分"": 3, ""局均全队总伤害血量"": 2960, ""局均总前哨站净胜血量"": 83, ""局均总基地净胜血量"": -907, ""积分"": 1, ""胜/平/负"": ""1/0/2""}",
2024,2024RMUC,RMUC,498,东部赛区,A组,10,辽宁科技大学,https://pro-robomasters-hz-n5i3.oss-cn-hangzhou.aliyuncs.com/teams/1525667029196-logo_blue_800x800.png,COD,1/0/2,1,0,-367,0,2971,"{""对手分"": 0, ""局均全队总伤害血量"": 2971, ""局均总前哨站净胜血量"": 0, ""局均总基地净胜血量"": -367, ""积分"": 1, ""胜/平/负"": ""1/0/2""}",
2024,2024RMUC,RMUC,498,东部赛区,A组,11,山东理工大学,https://terra-cn-oss-cdn-public-pro.oss-cn-hangzhou.aliyuncs.com/b2a076471c6c4b72b574a977334d3e05/cd7bb6a9-f1cf-4f8d-9275-0f919de56a07,齐奇,1/0/2,1,0,-397,355,3178,"{""对手分"": 0, ""局均全队总伤害血量"": 3178, ""局均总前哨站净胜血量"": 355, ""局均总基地净胜血量"": -397, ""积分"": 1, ""胜/平/负"": ""1/0/2""}",
2024,2024RMUC,RMUC,498,东部赛区,A组,12,上海科技大学,https://terra-cn-oss-cdn-public-pro.oss-cn-hangzhou.aliyuncs.com/b2a076471c6c4b72b574a977334d3e05/2b477b2a-e4af-4632-9716-362ce888bc6c,Magician,1/0/2,1,-2,-1226,-112,2423,"{""对手分"": -2, ""局均全队总伤害血量"": 2423, ""局均总前哨站净胜血量"": -112, ""局均总基地净胜血量"": -1226, ""积分"": 1, ""胜/平/负"": ""1/0/2""}",
2024,2024RMUC,RMUC,498,东部赛区,A组,13,华北理工大学,https://rm-static.djicdn.com/games-backend/db3b1cbb-32c6-4d09-82ea-7de69d71fcb4,Horizon,0/0/2,0,8,-1046,-89,2497,"{""对手分"": 8, ""局均全队总伤害血量"": 2497, ""局均总前哨站净胜血量"": -89, ""局均总基地净胜血量"": -1046, ""积分"": 0, ""胜/平/负"": ""0/0/2""}",
2024,2024RMUC,RMUC,498,东部赛区,A组,14,东北大学秦皇岛分校,https://terra-cn-oss-cdn-public-pro.oss-cn-hangzhou.aliyuncs.com/b2a076471c6c4b72b574a977334d3e05/84e03632-7d92-498b-9150-24d51a28a8d4,征龙凌沧,0/0/2,0,2,-801,-517,2076,"{""对手分"": 2, ""局均全队总伤害血量"": 2076, ""局均总前哨站净胜血量"": -517, ""局均总基地净胜血量"": -801, ""积分"": 0, ""胜/平/负"": ""0/0/2""}",
2024,2024RMUC,RMUC,498,东部赛区,A组,15,中国石油大学（北京）,https://terra-cn-oss-cdn-public-pro.oss-cn-hangzhou.aliyuncs.com/b2a076471c6c4b72b574a977334d3e05/536194b1-d052-480f-b5b9-fbd2ef9d6dc8,SPR,0/0/2,0,0,-847,0,2621,"{""对手分"": 0, ""局均全队总伤害血量"": 2621, ""局均总前哨站净胜血量"": 0, ""局均总基地净胜血量"": -847, ""积分"": 0, ""胜/平/负"": ""0/0/2""}",
2024,2024RMUC,RMUC,498,东部赛区,A组,16,合肥工业大学(宣城校区),https://rm-static.djicdn.com/games-backend/6b928c7e-4ab6-48ab-8a5a-39836fd182c7,WDR,0/0/2,0,-1,-1362,-643,1272,"{""对手分"": -1, ""局均全队总伤害血量"": 1272, ""局均总前哨站净胜血量"": -643, ""局均总基地净胜血量"": -1362, ""积分"": 0, ""胜/平/负"": ""0/0/2""}",
2024,2024RMUC,RMUC,498,东部赛区,B组,1,哈尔滨工业大学（威海）,https://terra-cn-oss-cdn-public-pro.oss-cn-hangzhou.aliyuncs.com/b2a076471c6c4b72b574a977334d3e05/496f97c0-f329-4457-ae1e-1476c467ff94,HERO,3/0/0,3,3,1703,187,6065,"{""对手分"": 3, ""局均全队总伤害血量"": 6065, ""局均总前哨站净胜血量"": 187, ""局均总基地净胜血量"": 1703, ""积分"": 3, ""胜/平/负"": ""3/0/0""}",
2024,2024RMUC,RMUC,498,东部赛区,B组,2,广东工业大学,https://terra-cn-oss-cdn-public-pro.oss-cn-hangzhou.aliyuncs.com/b2a076471c6c4b72b574a977334d3e05/ed0ca377-9bbc-4d6d-b5d1-8dd2d09bdbaf,DynamicX,3/0/0,3,-3,1504,375,6347,"{""对手分"": -3, ""局均全队总伤害血量"": 6347, ""局均总前哨站净胜血量"": 375, ""局均总基地净胜血量"": 1504, ""积分"": 3, ""胜/平/负"": ""3/0/0""}",
2024,2024RMUC,RMUC,498,东部赛区,B组,3,吉林大学,https://terra-cn-oss-cdn-public-pro.oss-cn-hangzhou.aliyuncs.com/b2a076471c6c4b72b574a977334d3e05/422493a0-1f3c-4f00-8c95-7ad1f9e1df2c,TARS_Go,2/0/1,2,4,2132,44,6488,"{""对手分"": 4, ""局均全队总伤害血量"": 6488, ""局均总前哨站净胜血量"": 44, ""局均总基地净胜血量"": 2132, ""积分"": 2, ""胜/平/负"": ""2/0/1""}",
2024,2024RMUC,RMUC,498,东部赛区,B组,4,东南大学,https://pro-robomasters-hz-n5i3.oss-cn-hangzhou.aliyuncs.com/teams/1525665086212-logo_yellow_800x800.png,3SE,2/0/1,2,3,1210,0,4998,"{""对手分"": 3, ""局均全队总伤害血量"": 4998, ""局均总前哨站净胜血量"": 0, ""局均总基地净胜血量"": 1210, ""积分"": 2, ""胜/平/负"": ""2/0/1""}",
2024,2024RMUC,RMUC,498,东部赛区,B组,5,上海交通大学,https://pro-robomasters-hz-n5i3.oss-cn-hangzhou.aliyuncs.com/teams/1525660725241-logo_red_800x800.png,交龙,2/0/1,2,3,820,132,6237,"{""对手分"": 3, ""局均全队总伤害血量"": 6237, ""局均总前哨站净胜血量"": 132, ""局均总基地净胜血量"": 820, ""积分"": 2, ""胜/平/负"": ""2/0/1""}",
2024,2024RMUC,RMUC,498,东部赛区,B组,6,中国科学技术大学,https://terra-cn-oss-cdn-public-pro.oss-cn-hangzhou.aliyuncs.com/b2a076471c6c4b72b574a977334d3e05/c3c27ffa-22a3-438d-b9c6-3e46caff042c,RoboWalker,2/0/1,2,1,-166,151,4425,"{""对手分"": 1, ""局均全队总伤害血量"": 4425, ""局均总前哨站净胜血量"": 151, ""局均总基地净胜血量"": -166, ""积分"": 2, ""胜/平/负"": ""2/0/1""}",
2024,2024RMUC,RMUC,498,东部赛区,B组,7,杭州电子科技大学,https://terra-cn-oss-cdn-public-pro.oss-cn-hangzhou.aliyuncs.com/b2a076471c6c4b72b574a977334d3e05/e8350b30-12fc-4a44-a049-638d5f14d72b,PHOENIX,2/0/1,2,-2,-887,0,4130,"{""对手分"": -2, ""局均全队总伤害血量"": 4130, ""局均总前哨站净胜血量"": 0, ""局均总基地净胜血量"": -887, ""积分"": 2, ""胜/平/负"": ""2/0/1""}",
2024,2024RMUC,RMUC,498,东部赛区,B组,8,华东理工大学,https://terra-cn-oss-cdn-public-pro.oss-cn-hangzhou.aliyuncs.com/b2a076471c6c4b72b574a977334d3e05/bbd1ecfe-4c6a-4b6d-927f-c13e4782d613,起源,2/0/1,2,-3,356,0,4244,"{""对手分"": -3, ""局均全队总伤害血量"": 4244, ""局均总前哨站净胜血量"": 0, ""局均总基地净胜血量"": 356, ""积分"": 2, ""胜/平/负"": ""2/0/1""}",
2024,2024RMUC,RMUC,498,东部赛区,B组,9,中国矿业大学,https://pro-robomasters-hz-n5i3.oss-cn-hangzhou.aliyuncs.com/teams/1525667804487-logo_blue_800x800.png,CUBOT,1/0/2,1,5,-1505,4,3915,"{""对手分"": 5, ""局均全队总伤害血量"": 3915, ""局均总前哨站净胜血量"": 4, ""局均总基地净胜血量"": -1505, ""积分"": 1, ""胜/平/负"": ""1/0/2""}",
2024,2024RMUC,RMUC,498,东部赛区,B组,10,浙江纺织服装职业技术学院,https://pro-robomasters-hz-n5i3.oss-cn-hangzhou.aliyuncs.com/teams/1525676616592-logo_red_800x800.png,RoboFuture,1/0/2,1,2,-295,-164,4629,"{""对手分"": 2, ""局均全队总伤害血量"": 4629, ""局均总前哨站净胜血量"": -164, ""局均总基地净胜血量"": -295, ""积分"": 1, ""胜/平/负"": ""1/0/2""}",
2024,2024RMUC,RMUC,498,东部赛区,B组,11,西北工业大学,https://pro-robomasters-hz-n5i3.oss-cn-hangzhou.aliyuncs.com/teams/1525674854703-logo_blue_800x800.png,WMJ,1/0/2,1,-1,-630,-38,3721,"{""对手分"": -1, ""局均全队总伤害血量"": 3721, ""局均总前哨站净胜血量"": -38, ""局均总基地净胜血量"": -630, ""积分"": 1, ""胜/平/负"": ""1/0/2""}",
2024,2024RMUC,RMUC,498,东部赛区,B组,12,中北大学,https://rm-static.djicdn.com/games-backend/545f6aae-fcc7-4094-85e0-ea6f30596d73,606,1/0/2,1,-3,-309,108,3560,"{""对手分"": -3, ""局均全队总伤害血量"": 3560, ""局均总前哨站净胜血量"": 108, ""局均总基地净胜血量"": -309, ""积分"": 1, ""胜/平/负"": ""1/0/2""}",
2024,2024RMUC,RMUC,498,东部赛区,B组,13,陆军勤务学院,https://rm-static.djicdn.com/games-backend/7c7e25cd-42c7-4419-bbbb-68743f068f6b,陆擎,0/0/2,0,4,-2451,-263,1558,"{""对手分"": 4, ""局均全队总伤害血量"": 1558, ""局均总前哨站净胜血量"": -263, ""局均总基地净胜血量"": -2451, ""积分"": 0, ""胜/平/负"": ""0/0/2""}",
2024,2024RMUC,RMUC,498,东部赛区,B组,14,东华大学,https://terra-cn-oss-cdn-public-pro.oss-cn-hangzhou.aliyuncs.com/b2a076471c6c4b72b574a977334d3e05/951ba744-0a29-48c8-8ddd-cfd2f1ab959f,DIODE,0/0/2,0,2,-1749,-919,1214,"{""对手分"": 2, ""局均全队总伤害血量"": 1214, ""局均总前哨站净胜血量"": -919, ""局均总基地净胜血量"": -1749, ""积分"": 0, ""胜/平/负"": ""0/0/2""}",
2024,2024RMUC,RMUC,498,东部赛区,B组,15,沈阳理工大学,https://terra-cn-oss-cdn-public-pro.oss-cn-hangzhou.aliyuncs.com/b2a076471c6c4b72b574a977334d3e05/be475077-4807-4b5d-b452-f007b66de8f2,Ambition,0/0/2,0,1,-1750,-265,1873,"{""对手分"": 1, ""局均全队总伤害血量"": 1873, ""局均总前哨站净胜血量"": -265, ""局均总基地净胜血量"": -1750, ""积分"": 0, ""胜/平/负"": ""0/0/2""}",
2024,2024RMUC,RMUC,498,东部赛区,B组,16,常州大学,https://terra-cn-oss-cdn-public-pro.oss-cn-hangzhou.aliyuncs.com/b2a076471c6c4b72b574a977334d3e05/e8a579bb-264e-4eee-88b7-ccc1a64b4729,Climber,0/0/2,0,-1,-540,0,2830,"{""对手分"": -1, ""局均全队总伤害血量"": 2830, ""局均总前哨站净胜血量"": 0, ""局均总基地净胜血量"": -540, ""积分"": 0, ""胜/平/负"": ""0/0/2""}",
2024,2024RMUC,RMUC,499,中部赛区,A组,1,南昌大学,https://pro-robomasters-hz-n5i3.oss-cn-hangzhou.aliyuncs.com/teams/1525699199414-logo_blue_800x800.png,Passion,3/0/0,3,-2,967,0,6135,"{""对手分"": -2, ""局均全队总伤害血量"": 6135, ""局均总前哨站净胜血量"": 0, ""局均总基地净胜血量"": 967, ""积分"": 3, ""胜/平/负"": ""3/0/0""}",
2024,2024RMUC,RMUC,499,中部赛区,A组,2,南方科技大学,https://pro-robomasters-hz-n5i3.oss-cn-hangzhou.aliyuncs.com/teams/1525665910623-logo_orange_800x800.png,ARTINX,3/0/0,3,-3,698,321,3967,"{""对手分"": -3, ""局均全队总伤害血量"": 3967, ""局均总前哨站净胜血量"": 321, ""局均总基地净胜血量"": 698, ""积分"": 3, ""胜/平/负"": ""3/0/0""}",
2024,2024RMUC,RMUC,499,中部赛区,A组,3,北京理工大学,https://pro-robomasters-hz-n5i3.oss-cn-hangzhou.aliyuncs.com/teams/1525667569344-logo_green_800x800.png,追梦,2/0/1,2,8,1207,-182,5319,"{""对手分"": 8, ""局均全队总伤害血量"": 5319, ""局均总前哨站净胜血量"": -182, ""局均总基地净胜血量"": 1207, ""积分"": 2, ""胜/平/负"": ""2/0/1""}",
2024,2024RMUC,RMUC,499,中部赛区,A组,4,桂林信息科技学院,https://rm-static.djicdn.com/games-backend/432392cd-dff4-4b78-aa00-68641f3da5ee,GIRT,2/0/1,2,2,1111,273,5174,"{""对手分"": 2, ""局均全队总伤害血量"": 5174, ""局均总前哨站净胜血量"": 273, ""局均总基地净胜血量"": 1111, ""积分"": 2, ""胜/平/负"": ""2/0/1""}",
2024,2024RMUC,RMUC,499,中部赛区,A组,5,华中科技大学,https://pro-robomasters-hz-n5i3.oss-cn-hangzhou.aliyuncs.com/teams/1525675209294-logo_blue_800x800.png,狼牙,2/0/1,2,0,-450,-25,4469,"{""对手分"": 0, ""局均全队总伤害血量"": 4469, ""局均总前哨站净胜血量"": -25, ""局均总基地净胜血量"": -450, ""积分"": 2, ""胜/平/负"": ""2/0/1""}",
2024,2024RMUC,RMUC,499,中部赛区,A组,6,哈尔滨工程大学,https://pro-robomasters-hz-n5i3.oss-cn-hangzhou.aliyuncs.com/teams/1525665837757-logo_blue_800x800.png,创梦之翼,2/0/1,2,-3,-417,41,3750,"{""对手分"": -3, ""局均全队总伤害血量"": 3750, ""局均总前哨站净胜血量"": 41, ""局均总基地净胜血量"": -417, ""积分"": 2, ""胜/平/负"": ""2/0/1""}",
2024,2024RMUC,RMUC,499,中部赛区,A组,7,沈阳航空航天大学,https://pro-robomasters-hz-n5i3.oss-cn-hangzhou.aliyuncs.com/teams/1525668135842-logo_blue_800x800.png,TUP,2/0/1,2,-5,-170,179,4748,"{""对手分"": -5, ""局均全队总伤害血量"": 4748, ""局均总前哨站净胜血量"": 179, ""局均总基地净胜血量"": -170, ""积分"": 2, ""胜/平/负"": ""2/0/1""}",
2024,2024RMUC,RMUC,499,中部赛区,A组,8,太原工业学院,https://terra-cn-oss-cdn-public-pro.oss-cn-hangzhou.aliyuncs.com/b2a076471c6c4b72b574a977334d3e05/c7de86e0-a829-4d6d-9329-3228f57ded92,火线,2/0/1,2,-7,609,242,4306,"{""对手分"": -7, ""局均全队总伤害血量"": 4306, ""局均总前哨站净胜血量"": 242, ""局均总基地净胜血量"": 609, ""积分"": 2, ""胜/平/负"": ""2/0/1""}",
2024,2024RMUC,RMUC,499,中部赛区,A组,9,合肥工业大学,https://rm-static.djicdn.com/games-backend/6b928c7e-4ab6-48ab-8a5a-39836fd182c7,苍穹,1/0/2,1,8,-733,95,4023,"{""对手分"": 8, ""局均全队总伤害血量"": 4023, ""局均总前哨站净胜血量"": 95, ""局均总基地净胜血量"": -733, ""积分"": 1, ""胜/平/负"": ""1/0/2""}",
2024,2024RMUC,RMUC,499,中部赛区,A组,10,山东科技大学,https://pro-robomasters-hz-n5i3.oss-cn-hangzhou.aliyuncs.com/teams/1525675697079-logo_blue_800x800.png,SmartRobot,1/0/2,1,6,-160,-107,4439,"{""对手分"": 6, ""局均全队总伤害血量"": 4439, ""局均总前哨站净胜血量"": -107, ""局均总基地净胜血量"": -160, ""积分"": 1, ""胜/平/负"": ""1/0/2""}",
2024,2024RMUC,RMUC,499,中部赛区,A组,11,青岛大学,https://terra-cn-oss-cdn-public-pro.oss-cn-hangzhou.aliyuncs.com/b2a076471c6c4b72b574a977334d3e05/a5fece37-9a43-40a6-89a7-154a35a20ffb,未来,1/0/2,1,-1,-765,121,2319,"{""对手分"": -1, ""局均全队总伤害血量"": 2319, ""局均总前哨站净胜血量"": 121, ""局均总基地净胜血量"": -765, ""积分"": 1, ""胜/平/负"": ""1/0/2""}",
2024,2024RMUC,RMUC,499,中部赛区,A组,12,东北林业大学,https://pro-robomasters-hz-n5i3.oss-cn-hangzhou.aliyuncs.com/teams/1525678704382-logo_green_800x800.png,Ares,1/0/2,1,-4,-143,191,3125,"{""对手分"": -4, ""局均全队总伤害血量"": 3125, ""局均总前哨站净胜血量"": 191, ""局均总基地净胜血量"": -143, ""积分"": 1, ""胜/平/负"": ""1/0/2""}",
2024,2024RMUC,RMUC,499,中部赛区,A组,13,河北科技大学,https://pro-robomasters-hz-n5i3.oss-cn-hangzhou.aliyuncs.com/teams/1525678437924-logo_blue_800x800.png,Actor&Thinker,0/0/2,0,7,-900,-299,1854,"{""对手分"": 7, ""局均全队总伤害血量"": 1854, ""局均总前哨站净胜血量"": -299, ""局均总基地净胜血量"": -900, ""积分"": 0, ""胜/平/负"": ""0/0/2""}",
2024,2024RMUC,RMUC,499,中部赛区,A组,14,燕山大学,https://pro-robomasters-hz-n5i3.oss-cn-hangzhou.aliyuncs.com/teams/1525676163698-logo_blue_800x800.png,燕鹰,0/0/2,0,4,-150,-286,1980,"{""对手分"": 4, ""局均全队总伤害血量"": 1980, ""局均总前哨站净胜血量"": -286, ""局均总基地净胜血量"": -150, ""积分"": 0, ""胜/平/负"": ""0/0/2""}",
2024,2024RMUC,RMUC,499,中部赛区,A组,15,长安大学,https://pro-robomasters-hz-n5i3.oss-cn-hangzhou.aliyuncs.com/teams/1525678187820-logo_bule_800x800.png,VGD,0/0/2,0,3,-1220,-443,1576,"{""对手分"": 3, ""局均全队总伤害血量"": 1576, ""局均总前哨站净胜血量"": -443, ""局均总基地净胜血量"": -1220, ""积分"": 0, ""胜/平/负"": ""0/0/2""}",
2024,2024RMUC,RMUC,499,中部赛区,A组,16,西安理工大学,https://pro-robomasters-hz-n5i3.oss-cn-hangzhou.aliyuncs.com/teams/1525666732892-logo_purple_800x800.png,NEXT E,0/0/2,0,1,-433,-847,1321,"{""对手分"": 1, ""局均全队总伤害血量"": 1321, ""局均总前哨站净胜血量"": -847, ""局均总基地净胜血量"": -433, ""积分"": 0, ""胜/平/负"": ""0/0/2""}",
2024,2024RMUC,RMUC,499,中部赛区,B组,1,西安电子科技大学,https://pro-robomasters-hz-n5i3.oss-cn-hangzhou.aliyuncs.com/teams/1525676832533-logo_red_800x800.png,IRobot,3/0/0,3,3,1823,0,5570,"{""对手分"": 3, ""局均全队总伤害血量"": 5570, ""局均总前哨站净胜血量"": 0, ""局均总基地净胜血量"": 1823, ""积分"": 3, ""胜/平/负"": ""3/0/0""}",
2024,2024RMUC,RMUC,499,中部赛区,B组,2,华南理工大学,https://terra-cn-oss-cdn-public-pro.oss-cn-hangzhou.aliyuncs.com/b2a076471c6c4b72b574a977334d3e05/b81c5a92-dc8f-479d-97b4-d531a39ce70b,华南虎,3/0/0,3,0,1917,39,5499,"{""对手分"": 0, ""局均全队总伤害血量"": 5499, ""局均总前哨站净胜血量"": 39, ""局均总基地净胜血量"": 1917, ""积分"": 3, ""胜/平/负"": ""3/0/0""}",
2024,2024RMUC,RMUC,499,中部赛区,B组,3,哈尔滨工业大学,https://terra-cn-oss-cdn-public-pro.oss-cn-hangzhou.aliyuncs.com/b2a076471c6c4b72b574a977334d3e05/830c2cbd-31e5-4fea-9015-cb6ec9fa5224,I Hiter,2/0/1,2,6,542,201,5982,"{""对手分"": 6, ""局均全队总伤害血量"": 5982, ""局均总前哨站净胜血量"": 201, ""局均总基地净胜血量"": 542, ""积分"": 2, ""胜/平/负"": ""2/0/1""}",
2024,2024RMUC,RMUC,499,中部赛区,B组,4,华北科技学院,https://pro-robomasters-hz-n5i3.oss-cn-hangzhou.aliyuncs.com/teams/1525674748988-logo_blue_800x800.png,风暴,2/0/1,2,5,54,335,4304,"{""对手分"": 5, ""局均全队总伤害血量"": 4304, ""局均总前哨站净胜血量"": 335, ""局均总基地净胜血量"": 54, ""积分"": 2, ""胜/平/负"": ""2/0/1""}",
2024,2024RMUC,RMUC,499,中部赛区,B组,5,南京理工大学,https://pro-robomasters-hz-n5i3.oss-cn-hangzhou.aliyuncs.com/teams/1525665364632-logo_purple_800x800.png,Alliance,2/0/1,2,0,-211,147,2583,"{""对手分"": 0, ""局均全队总伤害血量"": 2583, ""局均总前哨站净胜血量"": 147, ""局均总基地净胜血量"": -211, ""积分"": 2, ""胜/平/负"": ""2/0/1""}",
2024,2024RMUC,RMUC,499,中部赛区,B组,6,太原科技大学,https://pro-robomasters-hz-n5i3.oss-cn-hangzhou.aliyuncs.com/teams/1525680043036-log_blue_800x800.png,NewMaker,2/0/1,2,-1,-244,90,4290,"{""对手分"": -1, ""局均全队总伤害血量"": 4290, ""局均总前哨站净胜血量"": 90, ""局均总基地净胜血量"": -244, ""积分"": 2, ""胜/平/负"": ""2/0/1""}",
2024,2024RMUC,RMUC,499,中部赛区,B组,7,东莞理工学院,https://rm-static.djicdn.com/games-backend/ef8c032e-9c30-467d-afc0-81ee5475cfe3,ACE,2/0/1,2,-4,-116,26,3956,"{""对手分"": -4, ""局均全队总伤害血量"": 3956, ""局均总前哨站净胜血量"": 26, ""局均总基地净胜血量"": -116, ""积分"": 2, ""胜/平/负"": ""2/0/1""}",
2024,2024RMUC,RMUC,499,中部赛区,B组,8,中国石油大学（华东）,https://terra-cn-oss-cdn-public-pro.oss-cn-hangzhou.aliyuncs.com/b2a076471c6c4b72b574a977334d3e05/ca37313c-d7ce-4887-a872-fe558d3e39bd,RPS,2/0/1,2,-5,768,91,4993,"{""对手分"": -5, ""局均全队总伤害血量"": 4993, ""局均总前哨站净胜血量"": 91, ""局均总基地净胜血量"": 768, ""积分"": 2, ""胜/平/负"": ""2/0/1""}",
2024,2024RMUC,RMUC,499,中部赛区,B组,9,武汉工程大学,https://terra-cn-oss-cdn-public-pro.oss-cn-hangzhou.aliyuncs.com/b2a076471c6c4b72b574a977334d3e05/a413c7fa-e03f-4b01-922a-fc05d46aba6f,Nautilus,1/0/2,1,4,74,93,4016,"{""对手分"": 4, ""局均全队总伤害血量"": 4016, ""局均总前哨站净胜血量"": 93, ""局均总基地净胜血量"": 74, ""积分"": 1, ""胜/平/负"": ""1/0/2""}",
2024,2024RMUC,RMUC,499,中部赛区,B组,10,厦门大学嘉庚学院,https://terra-cn-oss-cdn-public-pro.oss-cn-hangzhou.aliyuncs.com/b2a076471c6c4b72b574a977334d3e05/74fa4796-2b58-4d72-8b60-2150168b72fe,TCR,1/0/2,1,1,-1101,-13,1899,"{""对手分"": 1, ""局均全队总伤害血量"": 1899, ""局均总前哨站净胜血量"": -13, ""局均总基地净胜血量"": -1101, ""积分"": 1, ""胜/平/负"": ""1/0/2""}",
2024,2024RMUC,RMUC,499,中部赛区,B组,11,西南石油大学,https://terra-cn-oss-cdn-public-pro.oss-cn-hangzhou.aliyuncs.com/b2a076471c6c4b72b574a977334d3e05/d54803f3-1758-4597-b85d-9db75b9a37e7,铁人,1/0/2,1,0,-431,-319,2416,"{""对手分"": 0, ""局均全队总伤害血量"": 2416, ""局均总前哨站净胜血量"": -319, ""局均总基地净胜血量"": -431, ""积分"": 1, ""胜/平/负"": ""1/0/2""}",
2024,2024RMUC,RMUC,499,中部赛区,B组,12,重庆三峡学院,https://rm-static.djicdn.com/games-backend/866d186e-2c2c-440b-a549-1c9614fba738,LionHeart,1/0/2,1,-2,-687,-219,2297,"{""对手分"": -2, ""局均全队总伤害血量"": 2297, ""局均总前哨站净胜血量"": -219, ""局均总基地净胜血量"": -687, ""积分"": 1, ""胜/平/负"": ""1/0/2""}",
2024,2024RMUC,RMUC,499,中部赛区,B组,13,四川大学,https://pro-robomasters-hz-n5i3.oss-cn-hangzhou.aliyuncs.com/teams/1525667988074-logo_red_800x800.png,火锅,0/0/2,0,8,-2512,0,2812,"{""对手分"": 8, ""局均全队总伤害血量"": 2812, ""局均总前哨站净胜血量"": 0, ""局均总基地净胜血量"": -2512, ""积分"": 0, ""胜/平/负"": ""0/0/2""}",
2024,2024RMUC,RMUC,499,中部赛区,B组,14,成都大学,https://terra-cn-oss-cdn-public-pro.oss-cn-hangzhou.aliyuncs.com/b2a076471c6c4b72b574a977334d3e05/3b03a9b4-d828-472c-9fd1-69e7087800af,Ultra,0/0/2,0,1,-1107,-296,1893,"{""对手分"": 1, ""局均全队总伤害血量"": 1893, ""局均总前哨站净胜血量"": -296, ""局均总基地净胜血量"": -1107, ""积分"": 0, ""胜/平/负"": ""0/0/2""}",
2024,2024RMUC,RMUC,499,中部赛区,B组,15,福建理工大学,https://terra-cn-oss-cdn-public-pro.oss-cn-hangzhou.aliyuncs.com/b2a076471c6c4b72b574a977334d3e05/2e4a88a1-9d5b-4d21-bae7-1a528564acda,苍侠,0/0/2,0,0,-1029,-63,2524,"{""对手分"": 0, ""局均全队总伤害血量"": 2524, ""局均总前哨站净胜血量"": -63, ""局均总基地净胜血量"": -1029, ""积分"": 0, ""胜/平/负"": ""0/0/2""}",
2024,2024RMUC,RMUC,499,中部赛区,B组,16,内蒙古科技大学,https://terra-cn-oss-cdn-public-pro.oss-cn-hangzhou.aliyuncs.com/b2a076471c6c4b72b574a977334d3e05/4e59c288-b5e4-4ed5-a221-3be0377641e1,雷霆,0/0/2,0,-1,-82,-356,1865,"{""对手分"": -1, ""局均全队总伤害血量"": 1865, ""局均总前哨站净胜血量"": -356, ""局均总基地净胜血量"": -82, ""积分"": 0, ""胜/平/负"": ""0/0/2""}",
2024,2024RMUC,RMUC,499,中部赛区,邀请赛-C组,1,常熟理工学院,https://terra-cn-oss-cdn-public-pro.oss-cn-hangzhou.aliyuncs.com/b2a076471c6c4b72b574a977334d3e05/8ab48d69-1e80-40e3-aa02-0b2c3f4a9705,R&A,1/1/0,2,-2,301,557,2093,"{""对手分"": -2, ""局均全队总伤害血量"": 2093, ""局均总前哨站净胜血量"": 557, ""局均总基地净胜血量"": 301, ""积分"": 2, ""胜/平/负"": ""1/1/0""}",
2024,2024RMUC,RMUC,499,中部赛区,邀请赛-C组,2,湖北工业大学,https://pro-robomasters-hz-n5i3.oss-cn-hangzhou.aliyuncs.com/teams/1525667615591-logo_blue_800x800.png,力创RM,0/1/1,1,2,-51,-409,1541,"{""对手分"": 2, ""局均全队总伤害血量"": 1541, ""局均总前哨站净胜血量"": -409, ""局均总基地净胜血量"": -51, ""积分"": 1, ""胜/平/负"": ""0/1/1""}",
2024,2024RMUC,RMUC,499,中部赛区,邀请赛-C组,3,武汉科技大学,https://terra-us-pro-rm-prod-pub-us.s3.amazonaws.com/da84bc27e35640e4b9feecd839639d57/78b59460-7dcf-4450-94c6-bab768080cb4,崇实,1/0/1,1,0,-250,-148,1511,"{""对手分"": 0, ""局均全队总伤害血量"": 1511, ""局均总前哨站净胜血量"": -148, ""局均总基地净胜血量"": -250, ""积分"": 1, ""胜/平/负"": ""1/0/1""}",
2024,2024RMUC,RMUC,500,南部赛区,A组,1,深圳大学,https://pro-robomasters-hz-n5i3.oss-cn-hangzhou.aliyuncs.com/teams/1525667668942-logo_red_800x800.png,RobotPilots,3/0/0,3,5,2822,50,6789,"{""对手分"": 5, ""局均全队总伤害血量"": 6789, ""局均总前哨站净胜血量"": 50, ""局均总基地净胜血量"": 2822, ""积分"": 3, ""胜/平/负"": ""3/0/0""}",
2024,2024RMUC,RMUC,500,南部赛区,A组,2,西安交通大学,https://pro-robomasters-hz-n5i3.oss-cn-hangzhou.aliyuncs.com/teams/1525666415627-logo_red_800x800.png,笃行,3/0/0,3,-6,4053,455,7919,"{""对手分"": -6, ""局均全队总伤害血量"": 7919, ""局均总前哨站净胜血量"": 455, ""局均总基地净胜血量"": 4053, ""积分"": 3, ""胜/平/负"": ""3/0/0""}",
2024,2024RMUC,RMUC,500,南部赛区,A组,3,五邑大学,https://pro-robomasters-hz-n5i3.oss-cn-hangzhou.aliyuncs.com/teams/1525678640816-logo_glod_800x800.png,IMCA,2/0/1,2,6,-195,-43,4596,"{""对手分"": 6, ""局均全队总伤害血量"": 4596, ""局均总前哨站净胜血量"": -43, ""局均总基地净胜血量"": -195, ""积分"": 2, ""胜/平/负"": ""2/0/1""}",
2024,2024RMUC,RMUC,500,南部赛区,A组,4,深圳职业技术大学,https://terra-cn-oss-cdn-public-pro.oss-cn-hangzhou.aliyuncs.com/b2a076471c6c4b72b574a977334d3e05/c4e80f93-0bbb-49b4-b391-0b6671351c1b,RCIA,2/0/1,2,6,-753,13,3701,"{""对手分"": 6, ""局均全队总伤害血量"": 3701, ""局均总前哨站净胜血量"": 13, ""局均总基地净胜血量"": -753, ""积分"": 2, ""胜/平/负"": ""2/0/1""}",
2024,2024RMUC,RMUC,500,南部赛区,A组,5,中南大学,https://pro-robomasters-hz-n5i3.oss-cn-hangzhou.aliyuncs.com/teams/1525676967503-logo_blue_800x800.png,FYT,2/0/1,2,0,1906,303,5792,"{""对手分"": 0, ""局均全队总伤害血量"": 5792, ""局均总前哨站净胜血量"": 303, ""局均总基地净胜血量"": 1906, ""积分"": 2, ""胜/平/负"": ""2/0/1""}",
2024,2024RMUC,RMUC,500,南部赛区,A组,6,桂林电子科技大学,https://pro-robomasters-hz-n5i3.oss-cn-hangzhou.aliyuncs.com/teams/1525673879563-logo_blue_800x800.png,Evolution,2/0/1,2,-1,524,236,5300,"{""对手分"": -1, ""局均全队总伤害血量"": 5300, ""局均总前哨站净胜血量"": 236, ""局均总基地净胜血量"": 524, ""积分"": 2, ""胜/平/负"": ""2/0/1""}",
2024,2024RMUC,RMUC,500,南部赛区,A组,7,华南农业大学,https://terra-cn-oss-cdn-public-pro.oss-cn-hangzhou.aliyuncs.com/b2a076471c6c4b72b574a977334d3e05/c1b63e9f-b50d-47f2-aa0d-c6517e3b4666,Taurus,2/0/1,2,-4,1968,0,6236,"{""对手分"": -4, ""局均全队总伤害血量"": 6236, ""局均总前哨站净胜血量"": 0, ""局均总基地净胜血量"": 1968, ""积分"": 2, ""胜/平/负"": ""2/0/1""}",
2024,2024RMUC,RMUC,500,南部赛区,A组,8,北京理工大学珠海学院,https://pro-robomasters-hz-n5i3.oss-cn-hangzhou.aliyuncs.com/teams/1525675650813-logo_green_800x800.png,毅恒,2/0/1,2,-4,-516,84,3375,"{""对手分"": -4, ""局均全队总伤害血量"": 3375, ""局均总前哨站净胜血量"": 84, ""局均总基地净胜血量"": -516, ""积分"": 2, ""胜/平/负"": ""2/0/1""}",
2024,2024RMUC,RMUC,500,南部赛区,A组,9,湖南大学,https://terra-cn-oss-cdn-public-pro.oss-cn-hangzhou.aliyuncs.com/b2a076471c6c4b72b574a977334d3e05/c1c73843-9165-4eb0-bb8e-ee01da2afb00,跃鹿,1/0/2,1,7,-1835,48,3990,"{""对手分"": 7, ""局均全队总伤害血量"": 3990, ""局均总前哨站净胜血量"": 48, ""局均总基地净胜血量"": -1835, ""积分"": 1, ""胜/平/负"": ""1/0/2""}",
2024,2024RMUC,RMUC,500,南部赛区,A组,10,佛山大学,https://rm-static.djicdn.com/games-backend/1742c9f4-c40b-4f18-b084-57b70c27aa6c,醒狮,1/0/2,1,0,-1088,-13,3560,"{""对手分"": 0, ""局均全队总伤害血量"": 3560, ""局均总前哨站净胜血量"": -13, ""局均总基地净胜血量"": -1088, ""积分"": 1, ""胜/平/负"": ""1/0/2""}",
2024,2024RMUC,RMUC,500,南部赛区,A组,11,西南交通大学,https://terra-cn-oss-cdn-public-pro.oss-cn-hangzhou.aliyuncs.com/b2a076471c6c4b72b574a977334d3e05/ba554754-e072-434f-93df-41dcb53ce29b,Helios,1/0/2,1,0,-1109,11,4434,"{""对手分"": 0, ""局均全队总伤害血量"": 4434, ""局均总前哨站净胜血量"": 11, ""局均总基地净胜血量"": -1109, ""积分"": 1, ""胜/平/负"": ""1/0/2""}",
2024,2024RMUC,RMUC,500,南部赛区,A组,12,南华大学,https://terra-cn-oss-cdn-public-pro.oss-cn-hangzhou.aliyuncs.com/b2a076471c6c4b72b574a977334d3e05/3a47924a-603f-4784-a891-9d35a89b2f72,MA,1/0/2,1,-4,-613,163,2568,"{""对手分"": -4, ""局均全队总伤害血量"": 2568, ""局均总前哨站净胜血量"": 163, ""局均总基地净胜血量"": -613, ""积分"": 1, ""胜/平/负"": ""1/0/2""}",
2024,2024RMUC,RMUC,500,南部赛区,A组,13,桂林电子科技大学北海校区,https://terra-cn-oss-cdn-public-pro.oss-cn-hangzhou.aliyuncs.com/b2a076471c6c4b72b574a977334d3e05/27b1115d-8e7d-4195-a1b4-faafffefb68f,破浪笃行,0/0/2,0,4,-2048,-809,2037,"{""对手分"": 4, ""局均全队总伤害血量"": 2037, ""局均总前哨站净胜血量"": -809, ""局均总基地净胜血量"": -2048, ""积分"": 0, ""胜/平/负"": ""0/0/2""}",
2024,2024RMUC,RMUC,500,南部赛区,A组,14,河北工业大学,https://terra-cn-oss-cdn-public-pro.oss-cn-hangzhou.aliyuncs.com/b2a076471c6c4b72b574a977334d3e05/41eef11b-8cc7-483e-88e0-900af812a330,山海Mas,0/0/2,0,4,-2287,-1165,1111,"{""对手分"": 4, ""局均全队总伤害血量"": 1111, ""局均总前哨站净胜血量"": -1165, ""局均总基地净胜血量"": -2287, ""积分"": 0, ""胜/平/负"": ""0/0/2""}",
2024,2024RMUC,RMUC,500,南部赛区,A组,15,桂林理工大学,https://pro-robomasters-hz-n5i3.oss-cn-hangzhou.aliyuncs.com/teams/1525675274637-logo_blue_800x800.png,群星,0/0/2,0,0,279,0,3573,"{""对手分"": 0, ""局均全队总伤害血量"": 3573, ""局均总前哨站净胜血量"": 0, ""局均总基地净胜血量"": 279, ""积分"": 0, ""胜/平/负"": ""0/0/2""}",
2024,2024RMUC,RMUC,500,南部赛区,A组,16,北京科技大学,https://pro-robomasters-hz-n5i3.oss-cn-hangzhou.aliyuncs.com/teams/1525666158923-logo_blue_800x800.png,Reborn,0/0/2,0,0,-2252,-15,2716,"{""对手分"": 0, ""局均全队总伤害血量"": 2716, ""局均总前哨站净胜血量"": -15, ""局均总基地净胜血量"": -2252, ""积分"": 0, ""胜/平/负"": ""0/0/2""}",
2024,2024RMUC,RMUC,500,南部赛区,B组,1,哈尔滨工业大学（深圳）,https://terra-cn-oss-cdn-public-pro.oss-cn-hangzhou.aliyuncs.com/b2a076471c6c4b72b574a977334d3e05/e67c1d7c-25e6-4491-9f63-58c7bdba727e,南工骁鹰,3/0/0,3,2,1912,0,6005,"{""对手分"": 2, ""局均全队总伤害血量"": 6005, ""局均总前哨站净胜血量"": 0, ""局均总基地净胜血量"": 1912, ""积分"": 3, ""胜/平/负"": ""3/0/0""}",
2024,2024RMUC,RMUC,500,南部赛区,B组,2,电子科技大学中山学院,https://terra-cn-oss-cdn-public-pro.oss-cn-hangzhou.aliyuncs.com/b2a076471c6c4b72b574a977334d3e05/6784aac0-42fc-4ffd-9e1c-cc27427022e3,RoboBraver,3/0/0,3,0,3479,254,7638,"{""对手分"": 0, ""局均全队总伤害血量"": 7638, ""局均总前哨站净胜血量"": 254, ""局均总基地净胜血量"": 3479, ""积分"": 3, ""胜/平/负"": ""3/0/0""}",
2024,2024RMUC,RMUC,500,南部赛区,B组,3,国防科技大学,https://rm-static.djicdn.com/games-backend/03e913cf-3ec6-412f-aa15-2fda6027f715,军临,2/0/1,2,6,-365,433,4071,"{""对手分"": 6, ""局均全队总伤害血量"": 4071, ""局均总前哨站净胜血量"": 433, ""局均总基地净胜血量"": -365, ""积分"": 2, ""胜/平/负"": ""2/0/1""}",
2024,2024RMUC,RMUC,500,南部赛区,B组,4,大连理工大学,https://rm-static.djicdn.com/tem/19806/1f076093d63e91576572667729907724.png,凌BUG,2/0/1,2,3,1353,214,5701,"{""对手分"": 3, ""局均全队总伤害血量"": 5701, ""局均总前哨站净胜血量"": 214, ""局均总基地净胜血量"": 1353, ""积分"": 2, ""胜/平/负"": ""2/0/1""}",
2024,2024RMUC,RMUC,500,南部赛区,B组,5,东北大学,https://pro-robomasters-hz-n5i3.oss-cn-hangzhou.aliyuncs.com/teams/1525667139708-logo_blue_800x800.png,TDT,2/0/1,2,0,2139,432,6379,"{""对手分"": 0, ""局均全队总伤害血量"": 6379, ""局均总前哨站净胜血量"": 432, ""局均总基地净胜血量"": 2139, ""积分"": 2, ""胜/平/负"": ""2/0/1""}",
2024,2024RMUC,RMUC,500,南部赛区,B组,6,重庆大学,https://pro-robomasters-hz-n5i3.oss-cn-hangzhou.aliyuncs.com/teams/1525667252663-logo_blue_800x800.png,千里,2/0/1,2,0,-126,423,3329,"{""对手分"": 0, ""局均全队总伤害血量"": 3329, ""局均总前哨站净胜血量"": 423, ""局均总基地净胜血量"": -126, ""积分"": 2, ""胜/平/负"": ""2/0/1""}",
2024,2024RMUC,RMUC,500,南部赛区,B组,7,广州城市理工学院,https://terra-cn-oss-cdn-public-pro.oss-cn-hangzhou.aliyuncs.com/b2a076471c6c4b72b574a977334d3e05/9365936c-3c07-449d-8e0e-2ed9e050e0f3,野狼,2/0/1,2,-2,81,-153,3448,"{""对手分"": -2, ""局均全队总伤害血量"": 3448, ""局均总前哨站净胜血量"": -153, ""局均总基地净胜血量"": 81, ""积分"": 2, ""胜/平/负"": ""2/0/1""}",
2024,2024RMUC,RMUC,500,南部赛区,B组,8,南京航空航天大学,https://pro-robomasters-hz-n5i3.oss-cn-hangzhou.aliyuncs.com/teams/1525679454590-logo_purple_800x800.png,长空御风,2/0/1,2,-5,1469,47,4687,"{""对手分"": -5, ""局均全队总伤害血量"": 4687, ""局均总前哨站净胜血量"": 47, ""局均总基地净胜血量"": 1469, ""积分"": 2, ""胜/平/负"": ""2/0/1""}",
2024,2024RMUC,RMUC,500,南部赛区,B组,9,华南师范大学,https://terra-cn-oss-cdn-public-pro.oss-cn-hangzhou.aliyuncs.com/b2a076471c6c4b72b574a977334d3e05/fd62886a-35c8-43d9-a0dc-d941a1dcc554,PIONEER,1/0/2,1,5,-2609,-150,2852,"{""对手分"": 5, ""局均全队总伤害血量"": 2852, ""局均总前哨站净胜血量"": -150, ""局均总基地净胜血量"": -2609, ""积分"": 1, ""胜/平/负"": ""1/0/2""}",
2024,2024RMUC,RMUC,500,南部赛区,B组,10,厦门大学,https://terra-cn-oss-cdn-public-pro.oss-cn-hangzhou.aliyuncs.com/b2a076471c6c4b72b574a977334d3e05/04926f4b-2f6d-4691-b45d-502cc1e11f34,RCS,1/0/2,1,3,-1672,-34,2369,"{""对手分"": 3, ""局均全队总伤害血量"": 2369, ""局均总前哨站净胜血量"": -34, ""局均总基地净胜血量"": -1672, ""积分"": 1, ""胜/平/负"": ""1/0/2""}",
2024,2024RMUC,RMUC,500,南部赛区,B组,11,北京信息科技大学,https://terra-cn-oss-cdn-public-pro.oss-cn-hangzhou.aliyuncs.com/b2a076471c6c4b72b574a977334d3e05/532bbb76-84d6-44d8-807d-4047f77027f6,星辰,1/0/2,1,1,-1091,-188,2112,"{""对手分"": 1, ""局均全队总伤害血量"": 2112, ""局均总前哨站净胜血量"": -188, ""局均总基地净胜血量"": -1091, ""积分"": 1, ""胜/平/负"": ""1/0/2""}",
2024,2024RMUC,RMUC,500,南部赛区,B组,12,厦门理工学院,https://pro-robomasters-hz-n5i3.oss-cn-hangzhou.aliyuncs.com/teams/1525679388670-logo_red_800x800.png,PFA,1/0/2,1,-5,-330,177,2810,"{""对手分"": -5, ""局均全队总伤害血量"": 2810, ""局均总前哨站净胜血量"": 177, ""局均总基地净胜血量"": -330, ""积分"": 1, ""胜/平/负"": ""1/0/2""}",
2024,2024RMUC,RMUC,500,南部赛区,B组,13,深圳技术大学,https://terra-cn-oss-cdn-public-pro.oss-cn-hangzhou.aliyuncs.com/b2a076471c6c4b72b574a977334d3e05/d6d0f220-ef43-4e8b-9805-bf5d2e516b06,悍匠,0/0/2,0,5,-852,-55,3041,"{""对手分"": 5, ""局均全队总伤害血量"": 3041, ""局均总前哨站净胜血量"": -55, ""局均总基地净胜血量"": -852, ""积分"": 0, ""胜/平/负"": ""0/0/2""}",
2024,2024RMUC,RMUC,500,南部赛区,B组,14,福建师范大学,https://terra-cn-oss-cdn-public-pro.oss-cn-hangzhou.aliyuncs.com/b2a076471c6c4b72b574a977334d3e05/e1a05fca-da24-477e-af25-33ce70650b17,Pikachu,0/0/2,0,0,-1100,-409,2187,"{""对手分"": 0, ""局均全队总伤害血量"": 2187, ""局均总前哨站净胜血量"": -409, ""局均总基地净胜血量"": -1100, ""积分"": 0, ""胜/平/负"": ""0/0/2""}",
2024,2024RMUC,RMUC,500,南部赛区,B组,15,湘潭大学,https://terra-cn-oss-cdn-public-pro.oss-cn-hangzhou.aliyuncs.com/b2a076471c6c4b72b574a977334d3e05/6ee9d64c-9844-47d0-bfa7-4e428fc6d025,逐曦,0/0/2,0,0,-1164,-750,1634,"{""对手分"": 0, ""局均全队总伤害血量"": 1634, ""局均总前哨站净胜血量"": -750, ""局均总基地净胜血量"": -1164, ""积分"": 0, ""胜/平/负"": ""0/0/2""}",
2024,2024RMUC,RMUC,500,南部赛区,B组,16,安徽信息工程学院,https://pro-robomasters-hz-n5i3.oss-cn-hangzhou.aliyuncs.com/teams/1525668159005-logo_blue_800x800.png,Artisans,0/0/2,0,-1,-2007,-614,1882,"{""对手分"": -1, ""局均全队总伤害血量"": 1882, ""局均总前哨站净胜血量"": -614, ""局均总基地净胜血量"": -2007, ""积分"": 0, ""胜/平/负"": ""0/0/2""}",
2024,2024RMUC,RMUC,500,南部赛区,邀请赛-C组,1,仲恺农业工程学院,https://pro-robomasters-hz-n5i3.oss-cn-hangzhou.aliyuncs.com/teams/1525667218422-logo_green_800x800.png,奇点,2/0/0,2,-2,1060,696,3513,"{""对手分"": -2, ""局均全队总伤害血量"": 3513, ""局均总前哨站净胜血量"": 696, ""局均总基地净胜血量"": 1060, ""积分"": 2, ""胜/平/负"": ""2/0/0""}",
2024,2024RMUC,RMUC,500,南部赛区,邀请赛-C组,2,宁波工程学院,https://terra-cn-oss-cdn-public-pro.oss-cn-hangzhou.aliyuncs.com/b2a076471c6c4b72b574a977334d3e05/d2aac8c4-b7af-4a5f-9cca-911beea0bb71,New Legends,1/1/0,2,-6,191,719,1769,"{""对手分"": -6, ""局均全队总伤害血量"": 1769, ""局均总前哨站净胜血量"": 719, ""局均总基地净胜血量"": 191, ""积分"": 2, ""胜/平/负"": ""1/1/0""}",
2024,2024RMUC,RMUC,500,南部赛区,邀请赛-C组,3,北京邮电大学,https://terra-cn-oss-cdn-public-pro.oss-cn-hangzhou.aliyuncs.com/b2a076471c6c4b72b574a977334d3e05/7ebc0748-d36b-4872-a789-c5d80274d972,鸿雁,0/1/1,1,6,-893,-968,403,"{""对手分"": 6, ""局均全队总伤害血量"": 403, ""局均总前哨站净胜血量"": -968, ""局均总基地净胜血量"": -893, ""积分"": 1, ""胜/平/负"": ""0/1/1""}",
2024,2024RMUC,RMUC,500,南部赛区,邀请赛-C组,4,云南大学,https://rm-static.djicdn.com/games-backend/1be57e6f-a974-4a97-83cf-8a5f900a7bb5,Future,1/0/1,1,0,-309,646,2264,"{""对手分"": 0, ""局均全队总伤害血量"": 2264, ""局均总前哨站净胜血量"": 646, ""局均总基地净胜血量"": -309, ""积分"": 1, ""胜/平/负"": ""1/0/1""}",
2024,2024RMUC,RMUC,500,南部赛区,邀请赛-C组,5,宁波诺丁汉大学,https://terra-cn-oss-cdn-public-pro.oss-cn-hangzhou.aliyuncs.com/b2a076471c6c4b72b574a977334d3e05/fac211ba-fd60-4ca8-9a90-65d5f1f3cd9a,AIM,0/0/2,0,2,-50,-1094,798,"{""对手分"": 2, ""局均全队总伤害血量"": 798, ""局均总前哨站净胜血量"": -1094, ""局均总基地净胜血量"": -50, ""积分"": 0, ""胜/平/负"": ""0/0/2""}",
2024,2024RMUC,RMUC,524,港澳台及海外赛区&复活赛第一赛段,Q组,1,香港科技大学,https://terra-us-pro-rm-prod-pub-us.s3.amazonaws.com/da84bc27e35640e4b9feecd839639d57/b3b3847d-535c-47a4-bc43-b694cb2d7ca9,ENTERPRIZE,2/0/0,6,,3050,1149,6685,"{""局均全队总伤害血量"": 6685, ""局均总前哨站净胜血量"": 1149, ""局均总基地净胜血量"": 3050, ""排名"": 1, ""积分"": 6, ""胜/平/负"": ""2/0/0""}",1
2024,2024RMUC,RMUC,524,港澳台及海外赛区&复活赛第一赛段,Q组,2,关东联合大学,https://rm-static.djicdn.com/games-backend/2cbe894a-9d37-403b-a40c-89f2a7d302f9,OOEDO SAMURAI,1/0/1,3,,-1700,-399,2626,"{""局均全队总伤害血量"": 2626, ""局均总前哨站净胜血量"": -399, ""局均总基地净胜血量"": -1700, ""排名"": 2, ""积分"": 3, ""胜/平/负"": ""1/0/1""}",2
2024,2024RMUC,RMUC,524,港澳台及海外赛区&复活赛第一赛段,Q组,3,德州农工大学,https://rm-static.djicdn.com/games-backend/e570e2eb-c79e-4e45-b97f-119c634add33,Texas Aimbots,0/0/2,0,,-1350,-750,1539,"{""局均全队总伤害血量"": 1539, ""局均总前哨站净胜血量"": -750, ""局均总基地净胜血量"": -1350, ""排名"": 3, ""积分"": 0, ""胜/平/负"": ""0/0/2""}",3
2024,2024RMUC,RMUC,524,港澳台及海外赛区&复活赛第一赛段,W组,1,香港大学,https://terra-cn-oss-cdn-public-pro.oss-cn-hangzhou.aliyuncs.com/b2a076471c6c4b72b574a977334d3e05/73fe762f-f39a-4cd2-afd5-ea154a877077,HerKules,2/0/0,6,,233,598,2902,"{""局均全队总伤害血量"": 2902, ""局均总前哨站净胜血量"": 598, ""局均总基地净胜血量"": 233, ""排名"": 1, ""积分"": 6, ""胜/平/负"": ""2/0/0""}",1
2024,2024RMUC,RMUC,524,港澳台及海外赛区&复活赛第一赛段,W组,2,新潟联合大学,https://rm-static.djicdn.com/games-backend/d2947eee-10e3-4d28-9a9c-93c622bb3cd2,Phoenix Robots,0/1/1,1,,0,-282,1516,"{""局均全队总伤害血量"": 1516, ""局均总前哨站净胜血量"": -282, ""局均总基地净胜血量"": 0, ""排名"": 2, ""积分"": 1, ""胜/平/负"": ""0/1/1""}",2
2024,2024RMUC,RMUC,524,港澳台及海外赛区&复活赛第一赛段,W组,3,五大湖联合大学,https://rm-static.djicdn.com/games-backend/41a01899-0d78-494f-a9b3-9d679cfeeb5c,The Great Lakes,0/1/1,1,,-233,-317,1497,"{""局均全队总伤害血量"": 1497, ""局均总前哨站净胜血量"": -317, ""局均总基地净胜血量"": -233, ""排名"": 3, ""积分"": 1, ""胜/平/负"": ""0/1/1""}",3
2024,2024RMUC,RMUC,524,港澳台及海外赛区&复活赛第一赛段,A组,1,中国石油大学（华东）,https://terra-cn-oss-cdn-public-pro.oss-cn-hangzhou.aliyuncs.com/b2a076471c6c4b72b574a977334d3e05/ca37313c-d7ce-4887-a872-fe558d3e39bd,RPS,3/0/0,3,3,3321,186,9097,"{""对手分"": 3, ""局均全队总伤害血量"": 9097, ""局均总前哨站净胜血量"": 186, ""局均总基地净胜血量"": 3321, ""积分"": 3, ""胜/平/负"": ""3/0/0""}",
2024,2024RMUC,RMUC,524,港澳台及海外赛区&复活赛第一赛段,A组,2,天津大学,https://pro-robomasters-hz-n5i3.oss-cn-hangzhou.aliyuncs.com/teams/1525667950468-logo_blue_800x800.png,北洋机甲,2/0/1,2,4,78,0,5875,"{""对手分"": 4, ""局均全队总伤害血量"": 5875, ""局均总前哨站净胜血量"": 0, ""局均总基地净胜血量"": 78, ""积分"": 2, ""胜/平/负"": ""2/0/1""}",
2024,2024RMUC,RMUC,524,港澳台及海外赛区&复活赛第一赛段,A组,3,南京航空航天大学,https://pro-robomasters-hz-n5i3.oss-cn-hangzhou.aliyuncs.com/teams/1525679454590-logo_purple_800x800.png,长空御风,2/0/1,2,-1,1067,12,7015,"{""对手分"": -1, ""局均全队总伤害血量"": 7015, ""局均总前哨站净胜血量"": 12, ""局均总基地净胜血量"": 1067, ""积分"": 2, ""胜/平/负"": ""2/0/1""}",
2024,2024RMUC,RMUC,524,港澳台及海外赛区&复活赛第一赛段,A组,4,华北科技学院,https://pro-robomasters-hz-n5i3.oss-cn-hangzhou.aliyuncs.com/teams/1525674748988-logo_blue_800x800.png,风暴,2/0/1,2,-4,51,16,5544,"{""对手分"": -4, ""局均全队总伤害血量"": 5544, ""局均总前哨站净胜血量"": 16, ""局均总基地净胜血量"": 51, ""积分"": 2, ""胜/平/负"": ""2/0/1""}",
2024,2024RMUC,RMUC,524,港澳台及海外赛区&复活赛第一赛段,A组,5,南京航空航天大学金城学院,https://terra-cn-oss-cdn-public-pro.oss-cn-hangzhou.aliyuncs.com/b2a076471c6c4b72b574a977334d3e05/37ffc1d5-bfaa-472a-8584-2158ca7aa8d5,Born of Fire,1/0/2,1,4,-1625,-183,5683,"{""对手分"": 4, ""局均全队总伤害血量"": 5683, ""局均总前哨站净胜血量"": -183, ""局均总基地净胜血量"": -1625, ""积分"": 1, ""胜/平/负"": ""1/0/2""}",
2024,2024RMUC,RMUC,524,港澳台及海外赛区&复活赛第一赛段,A组,6,哈尔滨工程大学,https://pro-robomasters-hz-n5i3.oss-cn-hangzhou.aliyuncs.com/teams/1525665837757-logo_blue_800x800.png,创梦之翼,1/0/2,1,1,-496,6,6223,"{""对手分"": 1, ""局均全队总伤害血量"": 6223, ""局均总前哨站净胜血量"": 6, ""局均总基地净胜血量"": -496, ""积分"": 1, ""胜/平/负"": ""1/0/2""}",
2024,2024RMUC,RMUC,524,港澳台及海外赛区&复活赛第一赛段,A组,7,重庆大学,https://pro-robomasters-hz-n5i3.oss-cn-hangzhou.aliyuncs.com/teams/1525667252663-logo_blue_800x800.png,千里,0/0/2,0,1,-2942,-73,3421,"{""对手分"": 1, ""局均全队总伤害血量"": 3421, ""局均总前哨站净胜血量"": -73, ""局均总基地净胜血量"": -2942, ""积分"": 0, ""胜/平/负"": ""0/0/2""}",
2024,2024RMUC,RMUC,524,港澳台及海外赛区&复活赛第一赛段,A组,8,广州城市理工学院,https://terra-cn-oss-cdn-public-pro.oss-cn-hangzhou.aliyuncs.com/b2a076471c6c4b72b574a977334d3e05/9365936c-3c07-449d-8e0e-2ed9e050e0f3,野狼,0/0/2,0,-1,-1300,-29,3828,"{""对手分"": -1, ""局均全队总伤害血量"": 3828, ""局均总前哨站净胜血量"": -29, ""局均总基地净胜血量"": -1300, ""积分"": 0, ""胜/平/负"": ""0/0/2""}",
2024,2024RMUC,RMUC,524,港澳台及海外赛区&复活赛第一赛段,B组,1,齐鲁工业大学,https://terra-cn-oss-cdn-public-pro.oss-cn-hangzhou.aliyuncs.com/b2a076471c6c4b72b574a977334d3e05/4c4f28ef-93a7-4df1-ada4-5c0ad826f07d,Adam,3/0/0,3,0,255,-79,4990,"{""对手分"": 0, ""局均全队总伤害血量"": 4990, ""局均总前哨站净胜血量"": -79, ""局均总基地净胜血量"": 255, ""积分"": 3, ""胜/平/负"": ""3/0/0""}",
2024,2024RMUC,RMUC,524,港澳台及海外赛区&复活赛第一赛段,B组,2,深圳职业技术大学,https://terra-cn-oss-cdn-public-pro.oss-cn-hangzhou.aliyuncs.com/b2a076471c6c4b72b574a977334d3e05/c4e80f93-0bbb-49b4-b391-0b6671351c1b,RCIA,2/0/1,2,6,391,-4,4547,"{""对手分"": 6, ""局均全队总伤害血量"": 4547, ""局均总前哨站净胜血量"": -4, ""局均总基地净胜血量"": 391, ""积分"": 2, ""胜/平/负"": ""2/0/1""}",
2024,2024RMUC,RMUC,524,港澳台及海外赛区&复活赛第一赛段,B组,3,上海工程技术大学,https://rm-static.djicdn.com/games-backend/42a2f807-035c-49bc-9e1d-782239209b82,木鸢Birdiebot,2/0/1,2,3,507,0,5968,"{""对手分"": 3, ""局均全队总伤害血量"": 5968, ""局均总前哨站净胜血量"": 0, ""局均总基地净胜血量"": 507, ""积分"": 2, ""胜/平/负"": ""2/0/1""}",
2024,2024RMUC,RMUC,524,港澳台及海外赛区&复活赛第一赛段,B组,4,中国科学技术大学,https://terra-cn-oss-cdn-public-pro.oss-cn-hangzhou.aliyuncs.com/b2a076471c6c4b72b574a977334d3e05/c3c27ffa-22a3-438d-b9c6-3e46caff042c,RoboWalker,2/0/1,2,-3,460,0,5645,"{""对手分"": -3, ""局均全队总伤害血量"": 5645, ""局均总前哨站净胜血量"": 0, ""局均总基地净胜血量"": 460, ""积分"": 2, ""胜/平/负"": ""2/0/1""}",
2024,2024RMUC,RMUC,524,港澳台及海外赛区&复活赛第一赛段,B组,5,大连理工大学,https://rm-static.djicdn.com/tem/19806/1f076093d63e91576572667729907724.png,凌BUG,1/0/2,1,-2,-30,3,5395,"{""对手分"": -2, ""局均全队总伤害血量"": 5395, ""局均总前哨站净胜血量"": 3, ""局均总基地净胜血量"": -30, ""积分"": 1, ""胜/平/负"": ""1/0/2""}",
2024,2024RMUC,RMUC,524,港澳台及海外赛区&复活赛第一赛段,B组,6,南京理工大学,https://pro-robomasters-hz-n5i3.oss-cn-hangzhou.aliyuncs.com/teams/1525665364632-logo_purple_800x800.png,Alliance,1/0/2,1,-2,-1147,0,4661,"{""对手分"": -2, ""局均全队总伤害血量"": 4661, ""局均总前哨站净胜血量"": 0, ""局均总基地净胜血量"": -1147, ""积分"": 1, ""胜/平/负"": ""1/0/2""}",
2024,2024RMUC,RMUC,524,港澳台及海外赛区&复活赛第一赛段,B组,7,国防科技大学,https://rm-static.djicdn.com/games-backend/03e913cf-3ec6-412f-aa15-2fda6027f715,军临,0/0/2,0,6,28,93,5258,"{""对手分"": 6, ""局均全队总伤害血量"": 5258, ""局均总前哨站净胜血量"": 93, ""局均总基地净胜血量"": 28, ""积分"": 0, ""胜/平/负"": ""0/0/2""}",
2024,2024RMUC,RMUC,524,港澳台及海外赛区&复活赛第一赛段,B组,8,东莞理工学院,https://rm-static.djicdn.com/games-backend/ef8c032e-9c30-467d-afc0-81ee5475cfe3,ACE,0/0/2,0,-2,-1085,0,4241,"{""对手分"": -2, ""局均全队总伤害血量"": 4241, ""局均总前哨站净胜血量"": 0, ""局均总基地净胜血量"": -1085, ""积分"": 0, ""胜/平/负"": ""0/0/2""}",
2024,2024RMUC,RMUC,525,复活赛第二赛段,C组,1,上海工程技术大学,https://rm-static.djicdn.com/games-backend/42a2f807-035c-49bc-9e1d-782239209b82,木鸢Birdiebot,3/0/0,3,-3,2516,0,9076,"{""对手分"": -3, ""局均全队总伤害血量"": 9076, ""局均总前哨站净胜血量"": 0, ""局均总基地净胜血量"": 2516, ""积分"": 3, ""胜/平/负"": ""3/0/0""}",
2024,2024RMUC,RMUC,525,复活赛第二赛段,C组,2,南京航空航天大学,https://pro-robomasters-hz-n5i3.oss-cn-hangzhou.aliyuncs.com/teams/1525679454590-logo_purple_800x800.png,长空御风,2/0/1,2,5,1197,0,7763,"{""对手分"": 5, ""局均全队总伤害血量"": 7763, ""局均总前哨站净胜血量"": 0, ""局均总基地净胜血量"": 1197, ""积分"": 2, ""胜/平/负"": ""2/0/1""}",
2024,2024RMUC,RMUC,525,复活赛第二赛段,C组,3,华北科技学院,https://pro-robomasters-hz-n5i3.oss-cn-hangzhou.aliyuncs.com/teams/1525674748988-logo_blue_800x800.png,风暴,2/0/1,2,-3,2214,71,7153,"{""对手分"": -3, ""局均全队总伤害血量"": 7153, ""局均总前哨站净胜血量"": 71, ""局均总基地净胜血量"": 2214, ""积分"": 2, ""胜/平/负"": ""2/0/1""}",
2024,2024RMUC,RMUC,525,复活赛第二赛段,C组,4,香港科技大学,https://terra-us-pro-rm-prod-pub-us.s3.amazonaws.com/da84bc27e35640e4b9feecd839639d57/b3b3847d-535c-47a4-bc43-b694cb2d7ca9,ENTERPRIZE,2/0/1,2,-7,1430,0,7199,"{""对手分"": -7, ""局均全队总伤害血量"": 7199, ""局均总前哨站净胜血量"": 0, ""局均总基地净胜血量"": 1430, ""积分"": 2, ""胜/平/负"": ""2/0/1""}",
2024,2024RMUC,RMUC,525,复活赛第二赛段,C组,5,中国科学技术大学,https://terra-cn-oss-cdn-public-pro.oss-cn-hangzhou.aliyuncs.com/b2a076471c6c4b72b574a977334d3e05/c3c27ffa-22a3-438d-b9c6-3e46caff042c,RoboWalker,1/0/2,1,9,-928,0,5792,"{""对手分"": 9, ""局均全队总伤害血量"": 5792, ""局均总前哨站净胜血量"": 0, ""局均总基地净胜血量"": -928, ""积分"": 1, ""胜/平/负"": ""1/0/2""}",
2024,2024RMUC,RMUC,525,复活赛第二赛段,C组,6,深圳职业技术大学,https://terra-cn-oss-cdn-public-pro.oss-cn-hangzhou.aliyuncs.com/b2a076471c6c4b72b574a977334d3e05/c4e80f93-0bbb-49b4-b391-0b6671351c1b,RCIA,1/0/2,1,0,-1973,38,4606,"{""对手分"": 0, ""局均全队总伤害血量"": 4606, ""局均总前哨站净胜血量"": 38, ""局均总基地净胜血量"": -1973, ""积分"": 1, ""胜/平/负"": ""1/0/2""}",
2024,2024RMUC,RMUC,525,复活赛第二赛段,C组,7,天津大学,https://pro-robomasters-hz-n5i3.oss-cn-hangzhou.aliyuncs.com/teams/1525667950468-logo_blue_800x800.png,北洋机甲,0/0/2,0,8,-3172,0,5243,"{""对手分"": 8, ""局均全队总伤害血量"": 5243, ""局均总前哨站净胜血量"": 0, ""局均总基地净胜血量"": -3172, ""积分"": 0, ""胜/平/负"": ""0/0/2""}",
2024,2024RMUC,RMUC,525,复活赛第二赛段,C组,8,香港大学,https://terra-cn-oss-cdn-public-pro.oss-cn-hangzhou.aliyuncs.com/b2a076471c6c4b72b574a977334d3e05/73fe762f-f39a-4cd2-afd5-ea154a877077,HerKules,0/0/2,0,-1,-3835,-183,3038,"{""对手分"": -1, ""局均全队总伤害血量"": 3038, ""局均总前哨站净胜血量"": -183, ""局均总基地净胜血量"": -3835, ""积分"": 0, ""胜/平/负"": ""0/0/2""}",
2024,2024RMUC,RMUC,526,全国赛,A组,1,中国石油大学（华东）,https://terra-cn-oss-cdn-public-pro.oss-cn-hangzhou.aliyuncs.com/b2a076471c6c4b72b574a977334d3e05/ca37313c-d7ce-4887-a872-fe558d3e39bd,RPS,3/0/0,3,1,3316,0,8699,"{""对手分"": 1, ""局均全队总伤害血量"": 8699, ""局均总前哨站净胜血量"": 0, ""局均总基地净胜血量"": 3316, ""积分"": 3, ""胜/平/负"": ""3/0/0""}",
2024,2024RMUC,RMUC,526,全国赛,A组,2,西安交通大学,https://pro-robomasters-hz-n5i3.oss-cn-hangzhou.aliyuncs.com/teams/1525666415627-logo_red_800x800.png,笃行,3/0/0,3,-1,4161,135,9730,"{""对手分"": -1, ""局均全队总伤害血量"": 9730, ""局均总前哨站净胜血量"": 135, ""局均总基地净胜血量"": 4161, ""积分"": 3, ""胜/平/负"": ""3/0/0""}",
2024,2024RMUC,RMUC,526,全国赛,A组,3,浙江大学,https://pro-robomasters-hz-n5i3.oss-cn-hangzhou.aliyuncs.com/teams/1532425365935-logo_blue_800x800.png,Hello World,3/0/1,3,7,437,0,7512,"{""对手分"": 7, ""局均全队总伤害血量"": 7512, ""局均总前哨站净胜血量"": 0, ""局均总基地净胜血量"": 437, ""积分"": 3, ""胜/平/负"": ""3/0/1""}",
2024,2024RMUC,RMUC,526,全国赛,A组,4,桂林电子科技大学,https://pro-robomasters-hz-n5i3.oss-cn-hangzhou.aliyuncs.com/teams/1525673879563-logo_blue_800x800.png,Evolution,3/0/1,3,1,1580,94,8119,"{""对手分"": 1, ""局均全队总伤害血量"": 8119, ""局均总前哨站净胜血量"": 94, ""局均总基地净胜血量"": 1580, ""积分"": 3, ""胜/平/负"": ""3/0/1""}",
2024,2024RMUC,RMUC,526,全国赛,A组,5,华南农业大学,https://terra-cn-oss-cdn-public-pro.oss-cn-hangzhou.aliyuncs.com/b2a076471c6c4b72b574a977334d3e05/c1b63e9f-b50d-47f2-aa0d-c6517e3b4666,Taurus,3/0/1,3,0,563,30,6674,"{""对手分"": 0, ""局均全队总伤害血量"": 6674, ""局均总前哨站净胜血量"": 30, ""局均总基地净胜血量"": 563, ""积分"": 3, ""胜/平/负"": ""3/0/1""}",
2024,2024RMUC,RMUC,526,全国赛,A组,6,北京理工大学,https://pro-robomasters-hz-n5i3.oss-cn-hangzhou.aliyuncs.com/teams/1525667569344-logo_green_800x800.png,追梦,3/0/2,3,7,-213,-101,6465,"{""对手分"": 7, ""局均全队总伤害血量"": 6465, ""局均总前哨站净胜血量"": -101, ""局均总基地净胜血量"": -213, ""积分"": 3, ""胜/平/负"": ""3/0/2""}",
2024,2024RMUC,RMUC,526,全国赛,A组,7,东南大学,https://pro-robomasters-hz-n5i3.oss-cn-hangzhou.aliyuncs.com/teams/1525665086212-logo_yellow_800x800.png,3SE,3/0/2,3,1,144,0,6762,"{""对手分"": 1, ""局均全队总伤害血量"": 6762, ""局均总前哨站净胜血量"": 0, ""局均总基地净胜血量"": 144, ""积分"": 3, ""胜/平/负"": ""3/0/2""}",
2024,2024RMUC,RMUC,526,全国赛,A组,8,南京航空航天大学,https://pro-robomasters-hz-n5i3.oss-cn-hangzhou.aliyuncs.com/teams/1525679454590-logo_purple_800x800.png,长空御风,3/0/2,3,-12,1094,7,7380,"{""对手分"": -12, ""局均全队总伤害血量"": 7380, ""局均总前哨站净胜血量"": 7, ""局均总基地净胜血量"": 1094, ""积分"": 3, ""胜/平/负"": ""3/0/2""}",
2024,2024RMUC,RMUC,526,全国赛,A组,9,南方科技大学,https://pro-robomasters-hz-n5i3.oss-cn-hangzhou.aliyuncs.com/teams/1525665910623-logo_orange_800x800.png,ARTINX,2/0/3,2,7,-855,-75,6298,"{""对手分"": 7, ""局均全队总伤害血量"": 6298, ""局均总前哨站净胜血量"": -75, ""局均总基地净胜血量"": -855, ""积分"": 2, ""胜/平/负"": ""2/0/3""}",
2024,2024RMUC,RMUC,526,全国赛,A组,10,电子科技大学中山学院,https://terra-cn-oss-cdn-public-pro.oss-cn-hangzhou.aliyuncs.com/b2a076471c6c4b72b574a977334d3e05/6784aac0-42fc-4ffd-9e1c-cc27427022e3,RoboBraver,2/0/3,2,2,-745,0,6023,"{""对手分"": 2, ""局均全队总伤害血量"": 6023, ""局均总前哨站净胜血量"": 0, ""局均总基地净胜血量"": -745, ""积分"": 2, ""胜/平/负"": ""2/0/3""}",
2024,2024RMUC,RMUC,526,全国赛,A组,11,桂林信息科技学院,https://rm-static.djicdn.com/games-backend/432392cd-dff4-4b78-aa00-68641f3da5ee,GIRT,2/0/3,2,-4,-1868,14,4970,"{""对手分"": -4, ""局均全队总伤害血量"": 4970, ""局均总前哨站净胜血量"": 14, ""局均总基地净胜血量"": -1868, ""积分"": 2, ""胜/平/负"": ""2/0/3""}",
2024,2024RMUC,RMUC,526,全国赛,A组,12,哈尔滨工业大学,https://terra-cn-oss-cdn-public-pro.oss-cn-hangzhou.aliyuncs.com/b2a076471c6c4b72b574a977334d3e05/830c2cbd-31e5-4fea-9015-cb6ec9fa5224,I Hiter,1/0/3,1,5,-767,-13,5829,"{""对手分"": 5, ""局均全队总伤害血量"": 5829, ""局均总前哨站净胜血量"": -13, ""局均总基地净胜血量"": -767, ""积分"": 1, ""胜/平/负"": ""1/0/3""}",
2024,2024RMUC,RMUC,526,全国赛,A组,13,上海工程技术大学,https://rm-static.djicdn.com/games-backend/42a2f807-035c-49bc-9e1d-782239209b82,木鸢Birdiebot,1/0/3,1,-4,-1601,0,6430,"{""对手分"": -4, ""局均全队总伤害血量"": 6430, ""局均总前哨站净胜血量"": 0, ""局均总基地净胜血量"": -1601, ""积分"": 1, ""胜/平/负"": ""1/0/3""}",
2024,2024RMUC,RMUC,526,全国赛,A组,14,西安电子科技大学,https://pro-robomasters-hz-n5i3.oss-cn-hangzhou.aliyuncs.com/teams/1525676832533-logo_red_800x800.png,IRobot,1/0/3,1,-6,-968,0,6330,"{""对手分"": -6, ""局均全队总伤害血量"": 6330, ""局均总前哨站净胜血量"": 0, ""局均总基地净胜血量"": -968, ""积分"": 1, ""胜/平/负"": ""1/0/3""}",
2024,2024RMUC,RMUC,526,全国赛,A组,15,哈尔滨工业大学（深圳）,https://terra-cn-oss-cdn-public-pro.oss-cn-hangzhou.aliyuncs.com/b2a076471c6c4b72b574a977334d3e05/e67c1d7c-25e6-4491-9f63-58c7bdba727e,南工骁鹰,0/0/3,0,-2,-1310,0,6171,"{""对手分"": -2, ""局均全队总伤害血量"": 6171, ""局均总前哨站净胜血量"": 0, ""局均总基地净胜血量"": -1310, ""积分"": 0, ""胜/平/负"": ""0/0/3""}",
2024,2024RMUC,RMUC,526,全国赛,A组,16,哈尔滨工业大学（威海）,https://terra-cn-oss-cdn-public-pro.oss-cn-hangzhou.aliyuncs.com/b2a076471c6c4b72b574a977334d3e05/496f97c0-f329-4457-ae1e-1476c467ff94,HERO,0/0/3,0,-3,-1515,-30,4971,"{""对手分"": -3, ""局均全队总伤害血量"": 4971, ""局均总前哨站净胜血量"": -30, ""局均总基地净胜血量"": -1515, ""积分"": 0, ""胜/平/负"": ""0/0/3""}",
2024,2024RMUC,RMUC,526,全国赛,B组,1,上海交通大学,https://pro-robomasters-hz-n5i3.oss-cn-hangzhou.aliyuncs.com/teams/1525660725241-logo_red_800x800.png,交龙,3/0/0,3,1,3140,158,8385,"{""对手分"": 1, ""局均全队总伤害血量"": 8385, ""局均总前哨站净胜血量"": 158, ""局均总基地净胜血量"": 3140, ""积分"": 3, ""胜/平/负"": ""3/0/0""}",
2024,2024RMUC,RMUC,526,全国赛,B组,2,华南理工大学,https://terra-cn-oss-cdn-public-pro.oss-cn-hangzhou.aliyuncs.com/b2a076471c6c4b72b574a977334d3e05/b81c5a92-dc8f-479d-97b4-d531a39ce70b,华南虎,3/0/0,3,-3,3684,0,10169,"{""对手分"": -3, ""局均全队总伤害血量"": 10169, ""局均总前哨站净胜血量"": 0, ""局均总基地净胜血量"": 3684, ""积分"": 3, ""胜/平/负"": ""3/0/0""}",
2024,2024RMUC,RMUC,526,全国赛,B组,3,太原理工大学,https://terra-cn-oss-cdn-public-pro.oss-cn-hangzhou.aliyuncs.com/b2a076471c6c4b72b574a977334d3e05/bcceed5a-13b9-4a19-8236-56b2bb40b58b,TRoMaC,3/0/1,3,1,735,11,6683,"{""对手分"": 1, ""局均全队总伤害血量"": 6683, ""局均总前哨站净胜血量"": 11, ""局均总基地净胜血量"": 735, ""积分"": 3, ""胜/平/负"": ""3/0/1""}",
2024,2024RMUC,RMUC,526,全国赛,B组,4,深圳大学,https://pro-robomasters-hz-n5i3.oss-cn-hangzhou.aliyuncs.com/teams/1525667668942-logo_red_800x800.png,RobotPilots,3/0/1,3,-4,2150,251,8476,"{""对手分"": -4, ""局均全队总伤害血量"": 8476, ""局均总前哨站净胜血量"": 251, ""局均总基地净胜血量"": 2150, ""积分"": 3, ""胜/平/负"": ""3/0/1""}",
2024,2024RMUC,RMUC,526,全国赛,B组,5,太原工业学院,https://terra-cn-oss-cdn-public-pro.oss-cn-hangzhou.aliyuncs.com/b2a076471c6c4b72b574a977334d3e05/c7de86e0-a829-4d6d-9329-3228f57ded92,火线,3/0/1,3,-10,1886,86,8150,"{""对手分"": -10, ""局均全队总伤害血量"": 8150, ""局均总前哨站净胜血量"": 86, ""局均总基地净胜血量"": 1886, ""积分"": 3, ""胜/平/负"": ""3/0/1""}",
2024,2024RMUC,RMUC,526,全国赛,B组,6,东北大学,https://pro-robomasters-hz-n5i3.oss-cn-hangzhou.aliyuncs.com/teams/1525667139708-logo_blue_800x800.png,TDT,3/0/2,3,6,1310,130,7489,"{""对手分"": 6, ""局均全队总伤害血量"": 7489, ""局均总前哨站净胜血量"": 130, ""局均总基地净胜血量"": 1310, ""积分"": 3, ""胜/平/负"": ""3/0/2""}",
2024,2024RMUC,RMUC,526,全国赛,B组,7,广东工业大学,https://terra-cn-oss-cdn-public-pro.oss-cn-hangzhou.aliyuncs.com/b2a076471c6c4b72b574a977334d3e05/ed0ca377-9bbc-4d6d-b5d1-8dd2d09bdbaf,DynamicX,3/0/2,3,2,730,0,8101,"{""对手分"": 2, ""局均全队总伤害血量"": 8101, ""局均总前哨站净胜血量"": 0, ""局均总基地净胜血量"": 730, ""积分"": 3, ""胜/平/负"": ""3/0/2""}",
2024,2024RMUC,RMUC,526,全国赛,B组,8,南昌大学,https://pro-robomasters-hz-n5i3.oss-cn-hangzhou.aliyuncs.com/teams/1525699199414-logo_blue_800x800.png,Passion,3/0/2,3,-9,316,0,7340,"{""对手分"": -9, ""局均全队总伤害血量"": 7340, ""局均总前哨站净胜血量"": 0, ""局均总基地净胜血量"": 316, ""积分"": 3, ""胜/平/负"": ""3/0/2""}",
2024,2024RMUC,RMUC,526,全国赛,B组,9,首都师范大学,https://terra-cn-oss-cdn-public-pro.oss-cn-hangzhou.aliyuncs.com/b2a076471c6c4b72b574a977334d3e05/a061e111-f402-4e01-884e-0b5c95f7ab5e,PIE,2/0/3,2,13,-1261,0,5592,"{""对手分"": 13, ""局均全队总伤害血量"": 5592, ""局均总前哨站净胜血量"": 0, ""局均总基地净胜血量"": -1261, ""积分"": 2, ""胜/平/负"": ""2/0/3""}",
2024,2024RMUC,RMUC,526,全国赛,B组,10,中南大学,https://pro-robomasters-hz-n5i3.oss-cn-hangzhou.aliyuncs.com/teams/1525676967503-logo_blue_800x800.png,FYT,2/0/3,2,6,36,-8,6566,"{""对手分"": 6, ""局均全队总伤害血量"": 6566, ""局均总前哨站净胜血量"": -8, ""局均总基地净胜血量"": 36, ""积分"": 2, ""胜/平/负"": ""2/0/3""}",
2024,2024RMUC,RMUC,526,全国赛,B组,11,吉林大学,https://terra-cn-oss-cdn-public-pro.oss-cn-hangzhou.aliyuncs.com/b2a076471c6c4b72b574a977334d3e05/422493a0-1f3c-4f00-8c95-7ad1f9e1df2c,TARS_Go,2/0/3,2,-2,-641,79,5297,"{""对手分"": -2, ""局均全队总伤害血量"": 5297, ""局均总前哨站净胜血量"": 79, ""局均总基地净胜血量"": -641, ""积分"": 2, ""胜/平/负"": ""2/0/3""}",
2024,2024RMUC,RMUC,526,全国赛,B组,12,齐鲁工业大学,https://terra-cn-oss-cdn-public-pro.oss-cn-hangzhou.aliyuncs.com/b2a076471c6c4b72b574a977334d3e05/4c4f28ef-93a7-4df1-ada4-5c0ad826f07d,Adam,1/0/3,1,6,-2984,-577,3218,"{""对手分"": 6, ""局均全队总伤害血量"": 3218, ""局均总前哨站净胜血量"": -577, ""局均总基地净胜血量"": -2984, ""积分"": 1, ""胜/平/负"": ""1/0/3""}",
2024,2024RMUC,RMUC,526,全国赛,B组,13,华中科技大学,https://pro-robomasters-hz-n5i3.oss-cn-hangzhou.aliyuncs.com/teams/1525675209294-logo_blue_800x800.png,狼牙,1/0/3,1,1,-1223,243,5340,"{""对手分"": 1, ""局均全队总伤害血量"": 5340, ""局均总前哨站净胜血量"": 243, ""局均总基地净胜血量"": -1223, ""积分"": 1, ""胜/平/负"": ""1/0/3""}",
2024,2024RMUC,RMUC,526,全国赛,B组,14,五邑大学,https://pro-robomasters-hz-n5i3.oss-cn-hangzhou.aliyuncs.com/teams/1525678640816-logo_glod_800x800.png,IMCA,1/0/3,1,-14,-2159,-425,3020,"{""对手分"": -14, ""局均全队总伤害血量"": 3020, ""局均总前哨站净胜血量"": -425, ""局均总基地净胜血量"": -2159, ""积分"": 1, ""胜/平/负"": ""1/0/3""}",
2024,2024RMUC,RMUC,526,全国赛,B组,15,北京理工大学珠海学院,https://pro-robomasters-hz-n5i3.oss-cn-hangzhou.aliyuncs.com/teams/1525675650813-logo_green_800x800.png,毅恒,0/0/3,0,7,-2976,-26,4101,"{""对手分"": 7, ""局均全队总伤害血量"": 4101, ""局均总前哨站净胜血量"": -26, ""局均总基地净胜血量"": -2976, ""积分"": 0, ""胜/平/负"": ""0/0/3""}",
2024,2024RMUC,RMUC,526,全国赛,B组,16,太原科技大学,https://pro-robomasters-hz-n5i3.oss-cn-hangzhou.aliyuncs.com/teams/1525680043036-log_blue_800x800.png,NewMaker,0/0/3,0,-6,-2727,0,3674,"{""对手分"": -6, ""局均全队总伤害血量"": 3674, ""局均总前哨站净胜血量"": 0, ""局均总基地净胜血量"": -2727, ""积分"": 0, ""胜/平/负"": ""0/0/3""}",
2024,2024RMUC,RMUC,526,全国赛,明星组,1,创新者,https://rm-static.djicdn.com/games-backend/aea22131-7d9e-43e9-acb3-0598e6ef3b72,INNOVATOR,0/0/0,0,0,0,0,0,"{""对手分"": 0, ""局均全队总伤害血量"": 0, ""局均总前哨站净胜血量"": 0, ""局均总基地净胜血量"": 0, ""积分"": 0, ""胜/平/负"": ""0/0/0""}",
2024,2024RMUC,RMUC,526,全国赛,明星组,2,缔造者,https://rm-static.djicdn.com/games-backend/13583e4a-c3cc-45fd-b05a-27cd2ca3a335,CREATOR,0/0/0,0,0,0,0,0,"{""对手分"": 0, ""局均全队总伤害血量"": 0, ""局均总前哨站净胜血量"": 0, ""局均总基地净胜血量"": 0, ""积分"": 0, ""胜/平/负"": ""0/0/0""}",
